customer_id,age,banked_flag,job_category,housing_type,dependents,employment_years,residence_years,loan_amount,duration_months,interest_rate,existing_monthly_obligation,average_monthly_inflow,average_monthly_outflow,emi,net_monthly_surplus,emi_coverage_ratio,loan_to_income_ratio,existing_obligation_ratio,dependent_ratio,employment_stability_score,income_variance_index,residence_stability_score,digital_behavior_score,location_type,digital_risk_score,purpose,credit_risk
CUST0001,19,1,1,2,0,0,3,919,18,0.16,58.26,1051,745.24,57.77,189.73,4.28,0.87,0.06,0.0,0.21,0.33,0.27,0.78,0,0.47,0,1
CUST0002,24,1,1,0,0,0,3,2231,12,0.14,95.49,1451,933.08,200.32,222.11,2.11,1.54,0.07,0.0,0.23,0.41,0.31,0.7,0,0.38,0,1
CUST0003,18,1,1,2,1,0,3,1700,18,0.16,136.27,2494,1926.22,106.86,324.65,4.04,0.68,0.05,1.0,0.41,0.31,0.27,0.69,0,0.32,0,0
CUST0004,21,1,1,0,1,2,2,1166,12,0.14,74.9,1206,885.25,104.69,141.16,2.35,0.97,0.06,0.25,0.41,0.32,0.39,0.76,0,0.37,0,1
CUST0005,25,1,1,2,1,0,1,631,12,0.14,132.9,1777,1089.72,56.66,497.72,9.78,0.36,0.07,0.12,0.37,0.52,0.26,0.75,0,0.57,0,0
CUST0006,25,1,1,2,0,2,3,2707,12,0.16,71.08,1292,885.91,245.61,89.4,1.36,2.1,0.06,0.0,0.31,0.6,0.24,0.75,0,0.53,0,1
CUST0007,19,0,1,0,0,1,2,2940,12,0.15,94.07,1313,1042.81,265.36,-89.24,0.66,2.24,0.07,0.0,0.2,0.52,0.4,0.76,0,0.38,0,1
CUST0008,23,1,1,0,0,1,1,1578,18,0.17,32.4,1228,861.49,99.93,234.18,3.34,1.29,0.03,0.0,0.39,0.55,0.35,0.66,0,0.41,0,1
CUST0009,20,0,1,0,1,0,1,1986,12,0.13,113.7,2104,1363.76,177.38,449.16,3.53,0.94,0.05,0.33,0.22,0.52,0.44,0.89,0,0.46,0,1
CUST0010,20,1,1,2,1,2,3,2233,6,0.18,77.48,1262,947.83,391.95,-155.26,0.6,1.77,0.06,0.33,0.41,0.42,0.4,0.71,0,0.57,0,1
CUST0011,25,0,1,2,0,1,1,2909,18,0.13,30.25,1247,803.12,178.75,234.88,2.31,2.33,0.02,0.0,0.39,0.37,0.47,0.86,0,0.32,0,1
CUST0012,21,1,1,2,0,2,3,2860,12,0.13,69.75,1570,1090.51,255.45,154.29,1.6,1.82,0.04,0.0,0.23,0.5,0.31,0.72,0,0.56,0,1
CUST0013,18,0,1,2,1,2,2,947,6,0.13,67.59,2379,1682.56,163.87,464.98,3.84,0.4,0.03,1.0,0.26,0.44,0.46,0.62,0,0.54,0,1
CUST0014,19,0,1,2,0,0,2,2489,12,0.13,25.94,1103,750.27,222.31,104.48,1.47,2.26,0.02,0.0,0.31,0.6,0.28,0.84,0,0.44,0,1
CUST0015,24,1,1,2,0,1,1,739,18,0.16,94.17,2426,1485.18,46.45,800.2,18.23,0.3,0.04,0.0,0.22,0.44,0.48,0.76,0,0.32,0,0
CUST0016,19,0,1,2,0,1,1,2833,6,0.15,34.39,1380,838.97,493.04,13.6,1.03,2.05,0.02,0.0,0.4,0.47,0.29,0.68,0,0.5,0,1
CUST0017,23,1,1,0,0,2,3,1728,12,0.14,36.24,1488,1116.55,155.15,180.06,2.16,1.16,0.02,0.0,0.34,0.6,0.5,0.62,0,0.36,0,1
CUST0018,22,1,1,2,0,1,2,1146,12,0.17,72.07,1271,941.44,104.52,152.97,2.46,0.9,0.06,0.0,0.5,0.5,0.2,0.85,0,0.39,0,1
CUST0019,19,1,1,2,0,2,3,1136,12,0.14,51.73,1275,818.71,102.0,302.56,3.97,0.89,0.04,0.0,0.41,0.56,0.35,0.68,0,0.57,0,0
CUST0020,18,1,1,0,0,0,2,1035,18,0.18,55.3,1189,751.82,66.04,315.84,5.78,0.87,0.05,0.0,0.41,0.47,0.23,0.88,0,0.51,0,0
CUST0021,20,0,1,0,0,1,1,671,12,0.14,165.83,2117,1665.27,60.25,225.65,4.75,0.32,0.08,0.0,0.21,0.41,0.4,0.8,0,0.41,0,1
CUST0022,24,0,1,2,0,0,2,601,6,0.16,172.25,2271,1513.48,104.89,480.38,5.58,0.26,0.08,0.0,0.44,0.56,0.44,0.68,0,0.54,0,0
CUST0023,19,0,1,0,0,0,2,1932,12,0.17,59.51,1783,1380.51,176.21,166.77,1.95,1.08,0.03,0.0,0.4,0.42,0.28,0.62,0,0.53,0,1
CUST0024,23,1,1,0,0,0,2,1231,18,0.18,61.3,2313,1510.6,78.54,662.56,9.44,0.53,0.03,0.0,0.33,0.52,0.29,0.78,0,0.45,0,0
CUST0025,24,0,1,0,0,2,2,506,18,0.18,137.7,2180,1542.77,32.29,467.24,15.47,0.23,0.06,0.0,0.42,0.5,0.31,0.62,0,0.5,0,0
CUST0026,23,1,1,2,1,2,2,2172,12,0.14,62.9,2276,1500.18,195.02,517.9,3.66,0.95,0.03,0.17,0.33,0.58,0.4,0.87,0,0.48,0,0
CUST0027,22,0,1,0,1,0,2,2875,18,0.16,85.2,1831,1268.88,180.71,296.21,2.64,1.57,0.05,0.2,0.26,0.44,0.47,0.84,0,0.35,0,1
CUST0028,19,1,1,2,0,2,2,1420,6,0.13,124.96,1581,963.21,245.72,247.11,2.01,0.9,0.08,0.0,0.38,0.53,0.34,0.87,0,0.47,0,1
CUST0029,24,1,1,2,0,2,3,522,6,0.17,137.31,2012,1295.26,91.36,488.07,6.34,0.26,0.07,0.0,0.41,0.44,0.37,0.88,0,0.34,0,0
CUST0030,20,1,1,0,1,2,2,1151,18,0.17,127.02,1951,1346.22,72.89,404.87,6.55,0.59,0.07,0.33,0.45,0.38,0.43,0.75,0,0.37,0,0
CUST0031,25,1,1,2,1,1,2,2712,6,0.13,71.38,1158,748.36,469.29,-131.03,0.72,2.34,0.06,0.12,0.41,0.32,0.32,0.76,0,0.42,0,1
CUST0032,21,1,1,2,1,1,1,1940,12,0.17,143.6,1860,1433.48,176.94,105.98,1.6,1.04,0.08,0.25,0.33,0.52,0.36,0.78,0,0.37,0,1
CUST0033,21,1,1,0,0,1,2,2156,18,0.13,43.09,1558,1080.44,132.48,301.99,3.28,1.38,0.03,0.0,0.39,0.31,0.32,0.77,0,0.31,0,0
CUST0034,24,1,1,2,0,1,2,1840,6,0.15,92.94,1277,852.4,320.22,11.44,1.04,1.44,0.07,0.0,0.28,0.59,0.33,0.85,0,0.44,0,1
CUST0035,18,0,1,2,0,0,1,1316,6,0.16,83.08,1716,1111.47,229.68,291.77,2.27,0.77,0.05,0.0,0.23,0.58,0.34,0.68,0,0.41,0,1
CUST0036,19,1,1,2,0,1,3,2037,12,0.18,74.13,1335,853.95,186.75,220.17,2.18,1.53,0.06,0.0,0.45,0.37,0.41,0.69,0,0.51,0,0
CUST0037,19,0,1,0,1,2,2,782,18,0.16,97.59,2159,1300.86,49.15,711.4,15.47,0.36,0.05,0.5,0.35,0.43,0.31,0.87,0,0.44,0,0
CUST0038,20,0,1,0,1,1,2,2926,12,0.14,143.86,1891,1227.45,262.72,256.97,1.98,1.55,0.08,0.33,0.28,0.44,0.43,0.77,0,0.5,0,1
CUST0039,23,1,1,0,0,1,1,1953,12,0.14,65.67,1058,821.08,175.35,-4.1,0.98,1.85,0.06,0.0,0.28,0.3,0.48,0.63,0,0.52,0,1
CUST0040,25,0,1,0,1,1,1,881,12,0.13,82.0,2137,1577.87,78.69,398.44,6.06,0.41,0.04,0.12,0.37,0.44,0.36,0.73,0,0.52,0,1
CUST0041,23,1,1,0,1,1,1,994,18,0.13,89.7,1720,1073.13,61.08,496.09,9.12,0.58,0.05,0.17,0.43,0.36,0.26,0.75,0,0.52,0,0
CUST0042,22,0,1,0,0,1,1,1738,6,0.16,27.39,1205,753.51,303.33,120.77,1.4,1.44,0.02,0.0,0.22,0.39,0.48,0.79,0,0.53,0,1
CUST0043,19,1,1,0,1,1,2,1255,6,0.14,27.52,1025,791.65,217.79,-11.96,0.95,1.22,0.03,0.5,0.22,0.45,0.37,0.81,0,0.35,0,1
CUST0044,22,0,1,2,1,2,3,1424,18,0.14,44.43,1174,917.72,88.17,123.68,2.4,1.21,0.04,0.2,0.38,0.43,0.37,0.62,0,0.59,0,1
CUST0045,19,0,1,0,0,0,1,1211,18,0.12,67.02,1425,855.76,73.85,428.37,6.8,0.85,0.05,0.0,0.38,0.39,0.27,0.81,0,0.51,0,1
CUST0046,25,0,1,0,0,1,1,2730,6,0.16,79.69,1145,895.03,476.47,-306.19,0.36,2.38,0.07,0.0,0.22,0.35,0.29,0.82,0,0.47,0,1
CUST0047,22,0,1,0,1,2,2,1615,18,0.15,106.12,1899,1305.66,100.75,386.47,4.84,0.85,0.06,0.2,0.47,0.52,0.38,0.61,0,0.37,0,1
CUST0048,18,1,1,2,0,1,3,2311,12,0.13,138.01,2376,1703.75,206.41,327.83,2.59,0.97,0.06,0.0,0.35,0.33,0.3,0.7,0,0.5,0,0
CUST0049,20,1,1,0,1,2,2,2753,6,0.15,65.99,1675,1110.36,479.12,19.53,1.04,1.64,0.04,0.33,0.49,0.42,0.35,0.9,0,0.5,0,1
CUST0050,25,0,1,2,1,2,2,2310,6,0.13,139.67,1846,1310.37,399.73,-3.77,0.99,1.25,0.08,0.12,0.33,0.51,0.24,0.89,0,0.48,0,1
CUST0051,21,0,1,2,2,0,4,490,6,0.2,95.07,1526,1228.73,86.5,115.7,2.34,0.32,0.06,0.5,0.18,0.6,0.32,0.61,1,0.55,0,1
CUST0052,22,0,2,2,0,1,2,1085,6,0.19,112.15,1225,902.09,190.99,19.77,1.1,0.89,0.09,0.0,0.37,0.43,0.4,0.52,1,0.68,0,1
CUST0053,22,0,1,2,2,1,4,604,12,0.17,112.56,1640,1162.22,55.09,310.13,6.63,0.37,0.07,0.4,0.29,0.49,0.28,0.46,1,0.61,0,1
CUST0054,24,0,2,0,1,2,4,1744,12,0.16,90.86,1039,792.58,158.23,-2.67,0.98,1.68,0.09,0.14,0.4,0.5,0.21,0.55,1,0.58,0,1
CUST0055,19,0,2,0,2,1,1,1779,6,0.16,69.16,1695,1290.43,310.49,24.92,1.08,1.05,0.04,1.0,0.27,0.64,0.28,0.61,1,0.59,0,1
CUST0056,23,0,2,2,2,2,4,1408,6,0.17,130.26,1672,1153.53,246.44,141.77,1.58,0.84,0.08,0.33,0.22,0.42,0.22,0.69,1,0.63,0,1
CUST0057,19,0,1,2,0,0,3,1930,6,0.15,50.4,1254,895.01,335.89,-27.3,0.92,1.54,0.04,0.0,0.28,0.52,0.4,0.45,1,0.42,0,1
CUST0058,24,0,1,2,2,0,2,1244,12,0.16,133.25,1434,1094.66,112.87,93.22,1.83,0.87,0.09,0.29,0.27,0.44,0.34,0.42,1,0.68,0,1
CUST0059,22,0,2,2,1,1,2,1087,12,0.14,80.15,1454,1039.37,97.6,236.88,3.43,0.75,0.06,0.2,0.22,0.56,0.21,0.65,1,0.52,0,1
CUST0060,18,0,1,2,1,0,3,748,6,0.17,110.96,1379,1055.24,130.92,81.88,1.63,0.54,0.08,1.0,0.31,0.6,0.36,0.67,1,0.59,0,1
CUST0061,22,0,2,0,2,1,2,484,12,0.15,70.8,1607,1158.06,43.69,334.45,8.66,0.3,0.04,0.4,0.35,0.61,0.29,0.55,1,0.48,0,0
CUST0062,20,0,2,2,2,1,1,1259,6,0.14,95.89,1063,865.61,218.48,-116.98,0.46,1.18,0.09,0.67,0.33,0.64,0.44,0.64,1,0.51,0,1
CUST0063,24,0,2,0,1,1,3,1497,12,0.19,30.59,814,659.22,137.96,-13.77,0.9,1.84,0.04,0.14,0.21,0.36,0.42,0.57,1,0.67,0,1
CUST0064,21,0,1,2,2,1,4,538,6,0.13,145.88,1463,960.21,93.1,263.81,3.83,0.37,0.1,0.5,0.18,0.42,0.33,0.52,1,0.51,0,1
CUST0065,24,0,1,2,2,0,4,1560,12,0.2,109.73,1401,977.28,144.51,169.48,2.17,1.11,0.08,0.29,0.2,0.48,0.26,0.51,1,0.69,0,1
CUST0066,23,0,2,0,1,1,2,550,12,0.14,101.46,1357,930.98,49.38,275.18,6.57,0.41,0.07,0.17,0.39,0.37,0.28,0.7,1,0.64,0,1
CUST0067,21,0,1,0,0,1,2,1915,6,0.15,86.24,870,711.04,333.27,-260.55,0.22,2.2,0.1,0.0,0.29,0.59,0.23,0.66,1,0.44,0,1
CUST0068,23,0,1,2,0,0,3,407,6,0.18,132.17,1608,1189.01,71.44,215.38,4.01,0.25,0.08,0.0,0.27,0.58,0.33,0.43,1,0.55,0,0
CUST0069,18,0,2,2,2,0,1,1280,12,0.16,123.32,1544,1031.94,116.14,272.6,3.35,0.83,0.08,1.0,0.26,0.62,0.28,0.44,1,0.44,0,1
CUST0070,23,0,2,2,2,2,4,503,6,0.19,99.75,1190,905.18,88.54,96.53,2.09,0.42,0.08,0.33,0.33,0.41,0.31,0.47,1,0.5,0,1
CUST0071,25,0,2,0,1,1,3,1662,12,0.16,114.29,1208,816.55,150.79,126.37,1.84,1.38,0.09,0.12,0.17,0.6,0.22,0.43,1,0.62,0,1
CUST0072,20,0,1,2,2,0,4,1024,12,0.19,133.87,1369,1057.66,94.37,83.1,1.88,0.75,0.1,0.67,0.3,0.46,0.34,0.46,1,0.6,0,1
CUST0073,21,0,1,2,2,1,1,1861,12,0.17,148.63,1667,1312.31,169.73,36.33,1.21,1.12,0.09,0.5,0.39,0.6,0.35,0.59,1,0.41,0,1
CUST0074,22,0,1,2,2,1,3,1018,6,0.14,63.02,829,559.04,176.66,30.28,1.17,1.23,0.08,0.4,0.17,0.57,0.44,0.43,1,0.56,0,1
CUST0075,24,0,2,2,0,1,3,1777,12,0.18,44.18,1229,917.44,162.92,104.46,1.64,1.45,0.04,0.0,0.16,0.4,0.35,0.6,1,0.48,0,1
CUST0076,24,0,2,2,1,0,1,1006,12,0.14,92.76,1297,992.59,90.33,121.32,2.34,0.78,0.07,0.14,0.28,0.44,0.26,0.7,1,0.42,0,1
CUST0077,21,0,1,0,1,1,3,545,6,0.16,43.26,1108,801.32,95.12,168.3,2.77,0.49,0.04,0.25,0.28,0.42,0.34,0.6,1,0.51,0,1
CUST0078,24,0,1,2,0,1,1,941,12,0.17,99.64,1682,1296.17,85.82,200.37,3.33,0.56,0.06,0.0,0.18,0.36,0.28,0.64,1,0.59,0,1
CUST0079,23,0,2,0,0,1,4,1373,6,0.16,47.85,890,625.44,239.63,-22.92,0.9,1.54,0.05,0.0,0.23,0.4,0.33,0.43,1,0.55,0,1
CUST0080,23,0,1,0,0,0,3,704,6,0.17,87.95,1159,903.14,123.22,44.69,1.36,0.61,0.08,0.0,0.19,0.58,0.32,0.63,1,0.63,0,1
CUST0081,25,0,2,2,0,1,1,1260,12,0.17,106.88,1497,1175.71,114.92,99.49,1.87,0.84,0.07,0.0,0.24,0.37,0.32,0.41,1,0.51,0,1
CUST0082,22,0,1,2,1,2,1,1221,6,0.15,35.61,878,641.69,212.5,-11.8,0.94,1.39,0.04,0.2,0.17,0.38,0.42,0.5,1,0.61,0,1
CUST0083,20,0,1,2,1,2,2,1045,12,0.19,70.74,840,601.32,96.3,71.64,1.74,1.24,0.08,0.33,0.32,0.37,0.36,0.5,1,0.5,0,1
CUST0084,24,0,2,0,1,0,2,1016,12,0.2,62.61,1090,837.93,94.12,95.34,2.01,0.93,0.06,0.14,0.3,0.63,0.28,0.51,1,0.64,0,1
CUST0085,20,0,1,2,2,1,1,1042,12,0.14,143.16,1486,1020.01,93.56,229.27,3.45,0.7,0.1,0.67,0.27,0.42,0.23,0.42,1,0.65,0,1
CUST0086,19,0,1,2,2,0,4,615,6,0.14,97.25,1319,1012.71,106.73,102.31,1.96,0.47,0.07,1.0,0.38,0.57,0.21,0.51,1,0.62,0,1
CUST0087,25,0,2,2,0,2,2,933,12,0.19,110.41,1425,973.25,85.98,255.36,3.97,0.65,0.08,0.0,0.29,0.48,0.39,0.63,1,0.55,0,1
CUST0088,24,0,1,0,2,0,3,406,12,0.19,66.52,1789,1331.5,37.42,353.56,10.45,0.23,0.04,0.29,0.36,0.61,0.27,0.63,1,0.48,0,0
CUST0089,20,0,2,0,0,1,3,354,12,0.13,76.73,1650,1213.31,31.62,328.34,11.38,0.21,0.05,0.0,0.4,0.46,0.21,0.68,1,0.65,0,0
CUST0090,23,0,1,0,0,1,4,1725,6,0.18,117.65,1610,1174.9,302.78,14.67,1.05,1.07,0.07,0.0,0.38,0.36,0.25,0.44,1,0.68,0,1
CUST0091,24,0,2,0,1,0,1,788,12,0.17,31.4,913,690.12,71.87,119.61,2.66,0.86,0.03,0.14,0.36,0.5,0.33,0.59,1,0.57,0,1
CUST0092,20,0,2,0,2,1,2,1468,12,0.14,73.18,1098,838.43,131.81,54.58,1.41,1.34,0.07,0.67,0.24,0.64,0.34,0.64,1,0.55,0,1
CUST0093,18,0,2,0,2,1,3,819,6,0.15,56.21,1199,793.12,142.53,207.14,2.45,0.68,0.05,1.0,0.31,0.38,0.35,0.63,1,0.44,0,1
CUST0094,23,0,2,0,2,1,4,1593,6,0.19,114.61,1359,897.93,280.41,66.05,1.24,1.17,0.08,0.33,0.26,0.44,0.21,0.46,1,0.41,0,1
CUST0095,22,0,2,2,1,0,2,885,12,0.19,100.72,1327,873.33,81.56,271.39,4.33,0.67,0.08,0.2,0.22,0.59,0.31,0.52,1,0.53,0,1
CUST0096,24,0,1,2,2,1,3,1932,12,0.19,40.75,1147,887.32,178.05,40.88,1.23,1.68,0.04,0.29,0.3,0.6,0.34,0.5,1,0.42,0,1
CUST0097,22,0,2,2,0,2,4,1019,12,0.13,60.86,1113,888.07,91.01,73.06,1.8,0.92,0.05,0.0,0.4,0.43,0.45,0.68,1,0.42,0,1
CUST0098,24,0,1,0,0,2,4,371,6,0.13,65.21,1172,916.91,64.2,125.68,2.96,0.32,0.06,0.0,0.25,0.52,0.35,0.6,1,0.68,0,1
CUST0099,23,0,1,0,2,1,4,943,12,0.15,102.2,1254,839.28,85.11,227.41,3.67,0.75,0.08,0.33,0.27,0.47,0.34,0.48,1,0.48,0,1
CUST0100,25,0,2,2,0,0,2,451,12,0.14,101.7,1019,785.93,40.49,90.88,3.24,0.44,0.1,0.0,0.35,0.64,0.45,0.6,1,0.61,0,1
CUST0101,34,1,3,1,0,8,4,10922,36,0.11,674.46,5220,3638.48,357.57,549.49,2.54,2.09,0.13,0.0,0.56,0.25,0.59,0.64,0,0.32,0,0
CUST0102,34,1,2,2,1,6,6,13612,24,0.13,202.59,3531,2346.94,647.14,334.33,1.52,3.85,0.06,0.06,0.74,0.28,0.61,0.67,0,0.29,0,0
CUST0103,34,1,2,2,1,7,3,7034,36,0.11,462.34,5620,2995.07,230.28,1932.31,9.39,1.25,0.08,0.06,0.68,0.22,0.74,0.72,0,0.41,0,0
CUST0104,30,1,3,2,2,5,7,13740,12,0.12,548.39,3804,2030.3,1220.78,4.53,1.0,3.61,0.14,0.15,0.54,0.28,0.68,0.65,0,0.41,0,1
CUST0105,35,1,2,2,0,8,7,9336,36,0.11,354.22,3168,1946.51,305.65,561.62,2.84,2.95,0.11,0.0,0.51,0.33,0.64,0.66,0,0.28,0,0
CUST0106,29,1,3,1,1,3,3,7589,24,0.12,487.73,5805,3441.72,357.24,1518.31,5.25,1.31,0.08,0.08,0.54,0.32,0.58,0.75,0,0.29,0,0
CUST0107,32,1,3,2,1,4,6,7007,24,0.12,194.64,3535,1867.1,329.84,1143.42,4.47,1.98,0.06,0.07,0.74,0.32,0.6,0.74,0,0.43,0,0
CUST0108,31,1,3,2,0,6,7,12648,24,0.14,316.62,5366,3216.78,607.27,1225.33,3.02,2.36,0.06,0.0,0.6,0.24,0.56,0.65,0,0.21,0,0
CUST0109,30,1,3,1,2,3,3,12060,12,0.14,635.34,5027,3244.94,1082.83,63.89,1.06,2.4,0.13,0.15,0.59,0.23,0.64,0.55,0,0.34,0,1
CUST0110,27,1,3,1,2,8,7,6946,12,0.14,593.32,4582,2651.97,623.66,713.05,2.14,1.52,0.13,0.2,0.58,0.34,0.69,0.55,0,0.33,0,0
CUST0111,34,1,2,2,0,8,5,12761,36,0.12,321.31,3164,1965.64,423.85,453.2,2.07,4.03,0.1,0.0,0.58,0.27,0.54,0.75,0,0.38,0,0
CUST0112,30,1,3,1,2,7,5,12780,12,0.11,803.73,5431,3447.39,1129.52,50.36,1.04,2.35,0.15,0.15,0.65,0.31,0.68,0.67,0,0.21,0,1
CUST0113,33,1,2,2,2,6,4,13589,36,0.13,359.73,4087,2676.66,457.87,592.74,2.29,3.32,0.09,0.12,0.71,0.2,0.64,0.68,0,0.25,0,0
CUST0114,33,1,3,2,1,8,4,11723,36,0.13,588.12,4284,2930.7,394.99,370.19,1.94,2.74,0.14,0.06,0.68,0.16,0.53,0.55,0,0.28,0,0
CUST0115,33,1,3,1,0,6,7,10608,36,0.11,629.02,5152,3371.46,347.29,804.23,3.32,2.06,0.12,0.0,0.66,0.29,0.65,0.55,0,0.26,0,0
CUST0116,34,1,2,1,1,8,4,13011,24,0.12,605.64,4222,2584.28,612.47,419.61,1.69,3.08,0.14,0.06,0.68,0.21,0.64,0.64,0,0.42,0,0
CUST0117,32,1,2,1,0,5,3,10674,24,0.13,315.08,4413,2866.1,507.46,724.36,2.43,2.42,0.07,0.0,0.71,0.2,0.64,0.57,0,0.23,0,0
CUST0118,35,1,2,2,2,7,4,8814,12,0.1,387.02,3980,2252.91,774.89,565.18,1.73,2.21,0.1,0.11,0.67,0.18,0.74,0.74,0,0.24,0,0
CUST0119,33,1,2,1,1,5,3,6465,36,0.12,606.05,4955,3007.84,214.73,1126.38,6.25,1.3,0.12,0.06,0.73,0.33,0.54,0.72,0,0.24,0,0
CUST0120,26,1,3,2,2,5,3,5151,24,0.12,686.03,4626,2412.27,242.48,1285.22,6.3,1.11,0.15,0.22,0.57,0.35,0.64,0.62,0,0.43,0,0
CUST0121,34,1,3,2,0,5,4,12518,36,0.11,608.05,4917,2641.61,409.82,1257.52,4.07,2.55,0.12,0.0,0.7,0.26,0.69,0.54,0,0.41,0,0
CUST0122,32,1,3,2,1,8,3,8027,12,0.12,240.79,4751,3264.72,713.19,532.3,1.75,1.69,0.05,0.07,0.6,0.24,0.57,0.58,0,0.35,0,0
CUST0123,35,1,3,1,2,4,3,6936,24,0.11,305.37,3046,1769.98,323.27,647.38,3.0,2.28,0.1,0.11,0.72,0.29,0.58,0.53,0,0.43,0,0
CUST0124,30,1,2,2,0,6,4,12454,36,0.14,541.47,4505,2589.14,425.65,948.74,3.23,2.76,0.12,0.0,0.73,0.3,0.7,0.71,0,0.39,0,0
CUST0125,35,1,3,1,0,7,3,6011,36,0.14,345.73,3335,1802.34,205.44,981.49,5.78,1.8,0.1,0.0,0.54,0.32,0.61,0.67,0,0.38,0,0
CUST0126,33,1,3,2,1,4,7,11806,24,0.12,395.46,3372,2062.85,555.75,357.94,1.64,3.5,0.12,0.06,0.58,0.15,0.56,0.5,0,0.25,0,0
CUST0127,27,1,3,1,2,3,7,5987,12,0.14,250.69,3185,1893.21,537.56,503.54,1.94,1.88,0.08,0.2,0.54,0.18,0.66,0.68,0,0.44,0,0
CUST0128,31,1,3,1,1,3,7,7178,36,0.13,681.63,4566,2391.34,241.86,1251.17,6.17,1.57,0.15,0.07,0.6,0.18,0.74,0.71,0,0.39,0,0
CUST0129,30,1,3,1,0,4,6,10671,12,0.11,599.77,4896,3365.91,943.12,-12.8,0.99,2.18,0.12,0.0,0.53,0.31,0.6,0.69,0,0.42,0,1
CUST0130,26,1,2,2,0,7,3,12314,36,0.13,296.78,3985,2687.65,414.91,585.66,2.41,3.09,0.07,0.0,0.51,0.24,0.63,0.69,0,0.39,0,0
CUST0131,28,1,3,2,2,7,5,14461,36,0.13,373.09,5063,3360.19,487.25,842.47,2.73,2.86,0.07,0.18,0.72,0.35,0.63,0.6,0,0.27,0,0
CUST0132,34,1,2,1,2,6,3,10642,36,0.13,444.0,5423,3563.78,358.57,1056.65,3.95,1.96,0.08,0.12,0.6,0.18,0.59,0.69,0,0.32,0,0
CUST0133,29,1,2,1,0,7,6,11824,36,0.12,319.44,4231,2444.18,392.73,1074.65,3.74,2.79,0.08,0.0,0.58,0.17,0.61,0.59,0,0.33,0,0
CUST0134,29,1,3,1,2,7,7,5647,12,0.11,393.12,3211,2094.66,499.09,224.13,1.45,1.76,0.12,0.17,0.64,0.25,0.72,0.58,0,0.44,0,1
CUST0135,26,1,2,2,2,6,4,14902,36,0.11,406.84,3867,2641.26,487.87,331.03,1.68,3.85,0.11,0.22,0.69,0.23,0.63,0.59,0,0.27,0,0
CUST0136,34,1,3,2,2,6,5,8328,24,0.11,686.95,5036,2564.04,388.15,1396.86,4.6,1.65,0.14,0.12,0.69,0.15,0.64,0.65,0,0.38,0,0
CUST0137,30,1,2,1,0,6,7,9026,24,0.12,303.53,3624,2495.82,424.89,399.76,1.94,2.49,0.08,0.0,0.69,0.25,0.68,0.68,0,0.32,0,0
CUST0138,31,1,2,1,0,7,3,13584,12,0.13,486.74,3693,1901.4,1213.29,91.57,1.08,3.68,0.13,0.0,0.51,0.15,0.53,0.66,0,0.22,0,1
CUST0139,28,1,2,1,1,3,7,12916,36,0.12,319.38,3037,1522.52,429.0,766.1,2.79,4.25,0.11,0.09,0.5,0.26,0.57,0.74,0,0.2,0,0
CUST0140,32,1,2,2,2,4,4,8144,36,0.12,286.52,3734,2475.8,270.5,701.18,3.59,2.18,0.08,0.13,0.6,0.22,0.6,0.64,0,0.45,0,0
CUST0141,29,1,2,2,0,6,6,11179,36,0.12,508.56,4228,2652.43,371.3,695.71,2.87,2.64,0.12,0.0,0.52,0.32,0.66,0.58,0,0.44,0,0
CUST0142,27,1,2,2,0,8,7,12790,24,0.1,736.03,5163,2658.27,590.19,1178.51,3.0,2.48,0.14,0.0,0.72,0.26,0.51,0.73,0,0.28,0,0
CUST0143,29,1,2,1,0,5,4,14239,12,0.12,636.07,5404,3620.08,1265.12,-117.27,0.91,2.63,0.12,0.0,0.64,0.23,0.68,0.7,0,0.37,0,1
CUST0144,27,1,3,2,0,6,4,6245,24,0.12,553.39,5051,3145.63,293.97,1058.01,4.6,1.24,0.11,0.0,0.74,0.22,0.66,0.7,0,0.31,0,0
CUST0145,29,1,3,1,0,8,7,11227,12,0.13,332.69,4457,2491.8,1002.77,629.74,1.63,2.52,0.07,0.0,0.52,0.2,0.59,0.7,0,0.24,0,0
CUST0146,32,1,3,2,0,3,5,12286,24,0.13,252.36,4297,2236.36,584.1,1224.18,3.1,2.86,0.06,0.0,0.61,0.26,0.63,0.53,0,0.22,0,0
CUST0147,34,1,3,1,0,5,6,11353,12,0.13,504.69,3381,2068.86,1014.02,-206.57,0.8,3.36,0.15,0.0,0.56,0.25,0.67,0.54,0,0.27,0,1
CUST0148,30,1,2,2,0,6,5,11899,24,0.12,377.28,5019,2586.71,560.13,1494.88,3.67,2.37,0.08,0.0,0.56,0.28,0.65,0.55,0,0.23,0,0
CUST0149,30,1,3,1,2,6,5,12212,24,0.12,348.42,3027,2012.07,574.86,91.65,1.16,4.03,0.12,0.15,0.65,0.21,0.65,0.67,0,0.32,0,1
CUST0150,28,1,3,1,2,8,6,14435,12,0.11,595.48,4631,2575.11,1275.79,184.62,1.14,3.12,0.13,0.18,0.59,0.34,0.55,0.75,0,0.24,0,1
CUST0151,36,1,4,1,3,5,5,19546,48,0.11,655.56,4110,2682.19,505.18,267.07,1.53,4.76,0.16,0.16,0.7,0.23,0.55,0.61,0,0.29,1,1
CUST0152,34,1,3,2,2,8,5,29078,36,0.13,1207.48,7232,4818.17,979.75,226.6,1.23,4.02,0.17,0.12,0.65,0.21,0.71,0.73,0,0.45,1,1
CUST0153,37,1,2,2,1,9,4,15450,48,0.13,955.6,6613,3976.92,414.48,1266.0,4.05,2.34,0.14,0.05,0.7,0.39,0.56,0.75,0,0.28,1,0
CUST0154,29,1,2,2,2,6,5,25173,48,0.13,579.24,5059,2985.23,675.33,819.2,2.21,4.98,0.11,0.17,0.56,0.22,0.58,0.79,0,0.28,1,0
CUST0155,30,1,3,1,2,10,3,27075,36,0.12,825.83,5426,2808.35,899.28,892.54,1.99,4.99,0.15,0.15,0.65,0.21,0.49,0.73,0,0.26,1,0
CUST0156,33,1,2,2,3,5,6,15716,48,0.12,1170.08,6654,3997.54,413.86,1072.52,3.59,2.36,0.18,0.19,0.6,0.28,0.52,0.71,0,0.36,1,0
CUST0157,28,1,4,2,2,8,5,22741,24,0.14,1089.73,7020,3770.03,1091.86,1068.38,1.98,3.24,0.16,0.18,0.74,0.21,0.5,0.77,0,0.3,1,0
CUST0158,33,1,3,2,2,9,5,27292,48,0.12,573.26,4807,2739.77,718.7,775.27,2.08,5.0,0.12,0.12,0.58,0.27,0.59,0.59,0,0.42,1,0
CUST0159,32,1,4,2,3,5,4,13862,24,0.12,1159.21,7762,4136.74,652.53,1813.52,3.78,1.79,0.15,0.2,0.67,0.28,0.51,0.65,0,0.3,1,0
CUST0160,38,1,4,2,3,5,5,19464,24,0.12,880.18,6201,4040.31,916.24,364.27,1.4,3.14,0.14,0.14,0.75,0.39,0.6,0.6,0,0.35,1,1
CUST0161,36,1,4,1,2,9,5,23619,48,0.14,535.78,6070,3568.95,645.42,1319.85,3.04,3.89,0.09,0.11,0.56,0.35,0.55,0.62,0,0.38,1,0
CUST0162,30,1,3,1,3,8,2,28766,24,0.12,1288.91,7197,4302.07,1354.12,251.9,1.19,4.0,0.18,0.23,0.67,0.35,0.66,0.66,0,0.3,1,1
CUST0163,34,1,4,2,2,10,2,24736,36,0.12,547.54,4419,2859.14,821.59,190.73,1.23,5.0,0.12,0.12,0.78,0.36,0.54,0.75,0,0.4,1,1
CUST0164,33,1,4,1,1,8,3,16770,24,0.14,1002.67,7526,4535.27,805.18,1182.88,2.47,2.23,0.13,0.06,0.69,0.23,0.71,0.62,0,0.39,1,0
CUST0165,36,1,4,2,1,10,5,11942,36,0.14,1280.71,7687,4019.07,408.15,1979.07,5.85,1.55,0.17,0.05,0.61,0.34,0.68,0.74,0,0.42,1,0
CUST0166,35,1,4,1,3,7,5,24810,24,0.14,409.22,4582,3016.89,1191.2,-35.31,0.97,5.0,0.09,0.17,0.67,0.26,0.7,0.64,0,0.49,1,1
CUST0167,33,1,2,2,3,7,4,12075,48,0.13,1037.14,6383,4303.82,323.94,718.1,3.22,1.89,0.16,0.19,0.66,0.26,0.55,0.69,0,0.28,1,0
CUST0168,35,1,3,2,1,4,5,10533,24,0.15,908.21,7228,3819.54,510.71,1989.54,4.9,1.46,0.13,0.06,0.78,0.29,0.72,0.78,0,0.47,1,0
CUST0169,32,1,3,2,3,6,4,12700,36,0.14,396.17,4651,2868.76,434.06,952.01,3.19,2.73,0.09,0.2,0.69,0.35,0.66,0.66,0,0.27,1,0
CUST0170,29,1,2,1,1,5,6,17411,48,0.14,598.84,4004,2008.69,475.78,920.69,2.94,4.35,0.15,0.08,0.74,0.4,0.58,0.58,0,0.27,1,0
CUST0171,34,1,4,2,1,6,4,19805,24,0.13,730.92,4365,2821.56,941.57,-129.05,0.86,4.54,0.17,0.06,0.7,0.34,0.5,0.69,0,0.4,1,1
CUST0172,30,1,3,2,3,9,3,23490,48,0.14,514.46,5802,3799.11,641.9,846.53,2.32,4.05,0.09,0.23,0.57,0.35,0.62,0.65,0,0.49,1,0
CUST0173,33,1,2,2,2,9,2,18131,48,0.13,785.48,7240,4559.84,486.41,1408.27,3.9,2.5,0.11,0.12,0.77,0.21,0.68,0.77,0,0.3,1,0
CUST0174,37,1,2,1,2,9,2,17842,36,0.13,875.36,6087,3307.64,601.17,1302.83,3.17,2.93,0.14,0.1,0.57,0.38,0.48,0.64,0,0.33,1,0
CUST0175,34,1,4,1,2,8,3,25434,24,0.11,799.29,7525,3853.97,1185.42,1686.32,2.42,3.38,0.11,0.12,0.56,0.21,0.67,0.68,0,0.41,1,0
CUST0176,36,1,3,1,3,7,2,27582,48,0.13,792.7,7142,3927.7,739.96,1681.64,3.27,3.86,0.11,0.16,0.67,0.24,0.67,0.68,0,0.35,1,0
CUST0177,38,1,4,2,2,9,5,17819,24,0.12,652.73,7126,4749.0,838.8,885.47,2.06,2.5,0.09,0.1,0.69,0.21,0.64,0.71,0,0.29,1,0
CUST0178,28,1,2,2,1,7,4,27137,48,0.14,667.11,6899,4344.56,741.56,1145.77,2.55,3.93,0.1,0.09,0.58,0.36,0.54,0.77,0,0.44,1,0
CUST0179,28,1,3,1,3,4,4,28895,48,0.11,623.22,5372,3126.16,746.81,875.81,2.17,5.0,0.12,0.27,0.66,0.31,0.57,0.61,0,0.28,1,0
CUST0180,37,1,4,2,1,9,6,10084,24,0.14,571.97,6761,3395.45,484.16,2309.42,5.77,1.49,0.08,0.05,0.63,0.38,0.52,0.79,0,0.26,1,0
CUST0181,38,1,2,1,1,7,4,18888,24,0.13,842.3,5717,2981.37,897.97,995.36,2.11,3.3,0.15,0.05,0.56,0.24,0.6,0.56,0,0.35,1,0
CUST0182,35,1,3,1,2,4,6,24966,24,0.12,1195.83,7547,4169.62,1175.24,1006.31,1.86,3.31,0.16,0.11,0.72,0.25,0.57,0.79,0,0.5,1,0
CUST0183,31,1,4,2,1,4,5,10783,24,0.13,1045.42,7000,4301.29,512.64,1140.65,3.23,1.54,0.15,0.07,0.55,0.27,0.66,0.64,0,0.43,1,0
CUST0184,32,1,2,2,2,7,2,14665,48,0.12,456.43,4425,2247.47,386.19,1334.91,4.46,3.31,0.1,0.13,0.74,0.28,0.69,0.66,0,0.44,1,0
CUST0185,37,1,4,2,3,10,5,12452,48,0.13,774.67,4391,2539.3,334.06,742.97,3.22,2.84,0.18,0.15,0.6,0.25,0.56,0.75,0,0.43,1,0
CUST0186,33,1,3,1,1,4,3,14460,48,0.11,662.52,5302,2751.84,373.73,1513.91,5.05,2.73,0.12,0.06,0.62,0.22,0.57,0.74,0,0.36,1,0
CUST0187,35,1,2,2,1,10,4,29769,24,0.12,482.22,5085,3326.52,1401.33,-125.07,0.91,5.0,0.09,0.06,0.71,0.39,0.58,0.56,0,0.32,1,1
CUST0188,30,1,3,1,3,9,6,18187,24,0.13,387.85,4127,2660.68,864.64,213.83,1.25,4.41,0.09,0.23,0.55,0.37,0.72,0.58,0,0.46,1,1
CUST0189,33,1,4,2,3,8,4,12457,24,0.15,984.86,6811,3647.94,604.0,1574.2,3.61,1.83,0.14,0.19,0.74,0.22,0.68,0.75,0,0.28,1,0
CUST0190,35,1,2,1,3,7,5,10966,36,0.14,426.89,4207,2234.36,374.79,1170.96,4.12,2.61,0.1,0.17,0.59,0.26,0.69,0.56,0,0.4,1,0
CUST0191,31,1,3,1,2,8,5,11998,24,0.12,664.74,6651,3489.8,564.79,1931.67,4.42,1.8,0.1,0.14,0.75,0.31,0.63,0.75,0,0.45,1,0
CUST0192,34,1,4,1,2,8,5,21273,48,0.13,705.66,7202,4104.48,570.7,1821.16,4.19,2.95,0.1,0.12,0.62,0.24,0.69,0.74,0,0.26,1,0
CUST0193,35,1,3,2,1,4,3,17902,36,0.13,948.06,6168,3962.46,603.19,654.29,2.08,2.9,0.15,0.06,0.73,0.39,0.62,0.8,0,0.35,1,0
CUST0194,30,1,2,1,3,9,4,29384,24,0.14,645.67,4721,2659.35,1410.81,5.17,1.0,5.0,0.14,0.23,0.58,0.39,0.68,0.75,0,0.49,1,1
CUST0195,36,1,2,1,1,4,2,17622,48,0.12,421.56,5265,3131.42,464.05,1247.97,3.69,3.35,0.08,0.05,0.76,0.24,0.51,0.73,0,0.48,1,0
CUST0196,33,1,2,2,3,9,3,13634,48,0.14,497.95,4243,2855.12,372.57,517.36,2.39,3.21,0.12,0.19,0.77,0.28,0.5,0.63,0,0.28,1,0
CUST0197,30,1,3,1,3,6,3,28414,48,0.15,809.66,6999,4272.66,790.78,1125.9,2.42,4.06,0.12,0.23,0.7,0.36,0.57,0.73,0,0.32,1,0
CUST0198,30,1,2,1,3,4,3,29739,36,0.15,713.1,6985,4708.98,1030.91,532.01,1.52,4.26,0.1,0.23,0.68,0.39,0.51,0.74,0,0.31,1,0
CUST0199,33,1,4,2,3,9,4,24635,24,0.12,406.74,4687,2554.03,1159.65,566.58,1.49,5.0,0.09,0.19,0.61,0.22,0.48,0.65,0,0.43,1,1
CUST0200,30,1,3,1,2,6,6,22299,24,0.14,1050.49,7623,4893.75,1070.64,608.12,1.57,2.93,0.14,0.15,0.72,0.25,0.59,0.75,0,0.26,1,0
CUST0201,41,1,4,1,1,12,13,31148,48,0.08,1011.54,13221,5466.89,760.41,5982.16,8.87,2.36,0.08,0.04,0.98,0.09,0.98,0.72,0,0.2,0,0
CUST0202,47,1,3,1,3,23,10,23509,36,0.09,833.61,18709,10765.0,747.58,6362.81,9.51,1.26,0.04,0.1,0.9,0.17,0.9,0.67,0,0.13,0,0
CUST0203,42,1,4,1,3,25,10,23572,48,0.08,611.92,8813,3664.21,575.46,3961.41,7.88,2.67,0.07,0.12,0.91,0.11,0.82,0.55,0,0.19,0,0
CUST0204,42,1,3,1,2,22,15,52053,60,0.09,681.56,15758,8123.82,1080.53,5872.09,6.43,3.3,0.04,0.08,0.87,0.1,0.83,0.51,0,0.15,0,0
CUST0205,45,1,4,1,3,11,10,69298,60,0.1,475.59,11706,4862.99,1472.38,4895.04,4.32,5.0,0.04,0.11,0.9,0.18,0.91,0.64,0,0.22,0,0
CUST0206,54,1,4,1,3,25,17,77780,36,0.09,1228.27,16561,6859.76,2473.38,5999.59,3.43,4.7,0.07,0.08,0.93,0.12,0.96,0.7,0,0.2,0,0
CUST0207,50,1,3,1,2,15,10,33886,36,0.08,825.88,10415,4959.7,1061.86,3567.56,4.36,3.25,0.08,0.06,0.88,0.18,0.91,0.71,0,0.12,0,0
CUST0208,55,1,3,1,1,22,16,46041,60,0.09,945.61,19912,8954.75,955.74,9055.9,10.48,2.31,0.05,0.03,0.96,0.15,0.91,0.63,0,0.15,0,0
CUST0209,47,1,3,1,3,13,9,56876,36,0.1,760.92,10451,5812.28,1835.23,2042.57,2.11,5.0,0.07,0.1,0.96,0.08,0.92,0.64,0,0.16,0,0
CUST0210,43,1,4,1,1,22,8,45938,48,0.1,607.0,12512,5115.81,1165.11,5624.08,5.83,3.67,0.05,0.04,0.85,0.1,0.86,0.7,0,0.13,0,0
CUST0211,54,1,3,1,1,14,12,68740,48,0.1,1023.09,16054,7348.82,1743.42,5938.67,4.41,4.28,0.06,0.03,0.91,0.06,0.88,0.73,0,0.15,0,0
CUST0212,48,1,4,1,1,15,9,40389,60,0.1,1170.08,16462,6986.75,858.15,7447.02,9.68,2.45,0.07,0.03,0.96,0.05,0.83,0.71,0,0.22,0,0
CUST0213,44,1,4,1,1,21,19,33048,48,0.09,374.24,8541,4130.08,822.4,3214.28,4.91,3.87,0.04,0.04,0.97,0.14,0.84,0.62,0,0.16,0,0
CUST0214,54,1,4,1,2,15,12,69083,60,0.08,362.49,15775,6387.95,1400.75,7623.81,6.44,4.38,0.02,0.05,0.95,0.15,0.84,0.56,0,0.12,0,0
CUST0215,44,1,4,1,3,10,20,70303,60,0.08,730.12,12408,6999.02,1425.49,3253.37,3.28,5.0,0.06,0.11,0.91,0.05,0.85,0.7,0,0.13,0,0
CUST0216,52,1,4,1,2,22,13,50080,48,0.09,949.45,18530,8419.77,1246.24,7914.54,7.35,2.7,0.05,0.06,0.91,0.13,0.8,0.75,0,0.24,0,0
CUST0217,54,1,4,1,2,13,15,24183,48,0.11,1013.04,14131,7281.8,625.02,5211.14,9.34,1.71,0.07,0.05,0.85,0.14,0.96,0.57,0,0.11,0,0
CUST0218,53,1,3,1,3,22,18,40944,60,0.08,594.97,11937,4829.49,830.2,5682.34,7.84,3.43,0.05,0.08,0.85,0.17,0.87,0.68,0,0.18,0,0
CUST0219,50,1,4,1,3,17,18,55037,60,0.1,670.13,11111,6257.43,1169.37,3014.07,3.58,4.95,0.06,0.09,0.89,0.16,0.95,0.72,0,0.11,0,0
CUST0220,42,1,3,1,3,18,19,72975,60,0.1,955.08,15713,6802.98,1550.5,6404.44,5.13,4.64,0.06,0.12,0.86,0.06,0.86,0.69,0,0.13,0,0
CUST0221,53,1,4,1,2,19,15,75785,36,0.09,738.73,13428,7465.31,2409.94,2814.02,2.17,5.0,0.06,0.06,0.97,0.06,0.96,0.63,0,0.23,0,0
CUST0222,47,1,4,1,2,11,10,29002,36,0.09,1227.16,16680,9635.94,922.26,4894.64,6.31,1.74,0.07,0.07,0.98,0.07,0.96,0.55,0,0.09,0,0
CUST0223,46,1,3,1,2,11,8,49625,48,0.09,1000.83,18338,9888.54,1234.92,6213.71,6.03,2.71,0.05,0.07,0.83,0.15,0.94,0.53,0,0.15,0,0
CUST0224,47,1,4,1,2,22,8,22472,60,0.09,304.52,14609,6824.71,466.48,7013.29,16.03,1.54,0.02,0.07,0.86,0.16,0.83,0.67,0,0.19,0,0
CUST0225,44,1,4,1,2,14,9,45136,60,0.1,812.82,11707,5034.75,959.01,4900.42,6.11,3.86,0.07,0.07,0.85,0.09,0.93,0.65,0,0.14,0,0
CUST0226,55,1,3,1,2,25,13,69159,36,0.08,1323.01,19252,10843.52,2167.19,4918.28,3.27,3.59,0.07,0.05,0.8,0.08,0.98,0.55,0,0.08,0,0
CUST0227,49,1,3,1,2,11,14,77445,60,0.09,246.75,10768,5343.64,1607.63,3569.98,3.22,5.0,0.02,0.06,0.98,0.14,0.92,0.5,0,0.2,0,0
CUST0228,47,1,4,1,1,18,15,65997,36,0.09,314.11,15279,7997.54,2098.69,4868.66,3.32,4.32,0.02,0.03,0.88,0.06,0.89,0.66,0,0.2,0,0
CUST0229,47,1,3,1,2,13,20,26964,48,0.09,347.71,9718,4236.61,671.0,4462.68,7.65,2.77,0.04,0.07,0.89,0.08,0.93,0.57,0,0.09,0,0
CUST0230,48,1,4,1,2,17,8,20835,60,0.08,620.83,11402,4787.44,422.46,5571.27,14.19,1.83,0.05,0.06,0.89,0.17,0.94,0.52,0,0.2,0,0
CUST0231,55,1,3,1,2,19,12,50426,36,0.08,272.69,12192,5260.19,1580.17,5078.95,4.21,4.14,0.02,0.05,0.85,0.15,0.86,0.68,0,0.1,0,0
CUST0232,53,1,3,1,1,15,13,43430,48,0.11,559.92,8751,3923.04,1122.47,3145.57,3.8,4.96,0.06,0.03,0.87,0.09,0.82,0.6,0,0.16,0,0
CUST0233,54,1,4,1,2,15,9,28684,60,0.1,1011.79,14319,8257.52,609.45,4440.24,8.29,2.0,0.07,0.05,0.82,0.17,0.89,0.64,0,0.15,0,0
CUST0234,50,1,4,1,3,10,18,77668,60,0.11,1069.76,14221,6022.85,1688.69,5439.7,4.22,5.0,0.08,0.09,0.82,0.1,0.81,0.57,0,0.13,0,0
CUST0235,52,1,3,1,3,20,16,54282,60,0.1,1140.74,19107,7970.36,1153.33,8842.57,8.67,2.84,0.06,0.09,0.84,0.09,0.92,0.6,0,0.22,0,0
CUST0236,49,1,3,1,1,15,16,75629,48,0.11,441.86,18041,10039.72,1954.67,5604.75,3.87,4.19,0.02,0.03,0.89,0.08,0.97,0.51,0,0.12,0,0
CUST0237,51,1,4,1,1,12,15,49110,60,0.09,665.04,14203,7871.1,1019.44,4647.42,5.56,3.46,0.05,0.03,0.82,0.11,0.92,0.53,0,0.15,0,0
CUST0238,49,1,3,1,1,19,16,56853,36,0.1,687.51,16996,8194.07,1834.49,6279.93,4.42,3.35,0.04,0.03,0.95,0.16,0.95,0.58,0,0.21,0,0
CUST0239,50,1,4,1,3,24,9,26385,60,0.09,1099.31,15751,7268.21,547.71,6835.77,13.48,1.68,0.07,0.09,0.97,0.09,0.89,0.68,0,0.09,0,0
CUST0240,43,1,3,1,3,23,9,36665,60,0.09,1142.87,16067,6776.0,761.11,7387.02,10.71,2.28,0.07,0.12,0.84,0.16,0.83,0.58,0,0.21,0,0
CUST0241,41,1,3,1,2,24,18,58621,60,0.08,952.23,18375,8999.88,1188.62,7234.27,7.09,3.19,0.05,0.08,0.81,0.17,0.95,0.62,0,0.17,0,0
CUST0242,55,1,3,1,3,14,9,45389,60,0.1,547.84,10903,6093.53,964.38,3297.25,4.42,4.16,0.05,0.08,0.87,0.18,0.96,0.69,0,0.13,0,0
CUST0243,46,1,4,1,1,14,14,59487,60,0.11,904.82,12819,6309.68,1293.39,4311.11,4.33,4.64,0.07,0.03,0.9,0.09,0.93,0.64,0,0.12,0,0
CUST0244,44,1,4,1,3,21,18,28694,60,0.1,915.56,18226,10434.36,609.66,6266.42,11.28,1.57,0.05,0.11,0.92,0.09,0.82,0.59,0,0.16,0,0
CUST0245,50,1,4,1,3,19,14,72973,36,0.1,543.66,18930,7658.11,2354.63,8373.6,4.56,3.85,0.03,0.09,0.92,0.08,0.94,0.54,0,0.13,0,0
CUST0246,45,1,3,1,3,19,11,69387,60,0.08,271.92,10399,5683.31,1406.92,3036.85,3.16,5.0,0.03,0.11,0.96,0.15,0.96,0.69,0,0.18,0,0
CUST0247,44,1,4,1,3,11,14,45398,48,0.11,634.49,16370,9423.36,1173.34,5138.81,5.38,2.77,0.04,0.11,0.9,0.05,0.85,0.66,0,0.21,0,0
CUST0248,54,1,3,1,3,21,20,58560,60,0.1,968.87,15259,6643.23,1244.23,6402.67,6.15,3.84,0.06,0.08,0.83,0.11,0.98,0.52,0,0.24,0,0
CUST0249,52,1,3,1,2,11,14,38291,60,0.09,1161.75,16418,7042.78,794.86,7418.61,10.33,2.33,0.07,0.06,0.8,0.11,0.97,0.51,0,0.24,0,0
CUST0250,50,1,4,1,2,21,9,71382,60,0.09,274.11,8833,3882.93,1481.77,3194.19,3.16,5.0,0.03,0.06,0.81,0.12,0.87,0.63,0,0.1,0,0
CUST0251,53,1,4,1,1,26,16,24316,60,0.1,560.74,9495,4937.66,516.64,3479.96,7.74,2.56,0.06,0.03,0.85,0.11,0.92,0.63,0,0.14,0,0
CUST0252,59,1,3,1,2,25,18,17430,60,0.09,112.29,9994,5027.74,361.82,4492.15,13.42,1.74,0.01,0.05,0.93,0.12,0.93,0.53,0,0.12,0,0
CUST0253,54,1,4,1,2,17,13,20970,24,0.09,379.67,9154,3806.53,958.01,4009.79,5.19,2.29,0.04,0.05,0.88,0.12,0.98,0.45,0,0.17,0,0
CUST0254,56,1,3,1,0,29,23,31739,24,0.08,356.97,7181,2795.03,1435.47,2593.53,2.81,4.42,0.05,0.0,0.93,0.1,0.88,0.46,0,0.11,0,0
CUST0255,60,1,4,1,1,15,18,17753,24,0.09,603.5,12626,6125.12,811.04,5086.34,7.27,1.41,0.05,0.02,0.94,0.12,0.86,0.63,0,0.07,0,0
CUST0256,60,1,3,1,1,29,18,35894,24,0.09,183.95,10937,5147.93,1639.81,3965.31,3.42,3.28,0.02,0.02,0.91,0.13,0.93,0.64,0,0.07,0,0
CUST0257,60,1,3,1,2,19,13,12737,24,0.09,452.74,12113,5414.44,581.89,5663.93,10.73,1.05,0.04,0.05,0.86,0.06,0.96,0.58,0,0.08,0,0
CUST0258,60,1,3,1,0,20,15,26563,36,0.08,552.34,14397,7113.07,832.39,5899.2,8.09,1.85,0.04,0.0,0.86,0.12,1.0,0.54,0,0.15,0,0
CUST0259,51,1,3,1,1,18,15,48049,60,0.1,468.84,10762,4742.96,1020.9,4529.3,5.44,4.46,0.04,0.03,0.89,0.07,0.86,0.45,0,0.12,0,0
CUST0260,55,1,3,1,2,26,24,30731,60,0.08,542.51,11008,4769.18,623.11,5073.2,9.14,2.79,0.05,0.05,0.96,0.11,0.89,0.49,0,0.15,0,0
CUST0261,55,1,4,1,1,26,24,30019,60,0.09,559.11,13863,5682.18,623.15,6998.56,12.23,2.17,0.04,0.03,0.98,0.13,0.87,0.53,0,0.09,0,0
CUST0262,60,1,3,1,0,15,25,48134,60,0.1,85.81,7252,3018.06,1022.71,3125.42,4.06,5.0,0.01,0.0,0.89,0.14,0.93,0.56,0,0.07,0,0
CUST0263,56,1,4,1,0,29,20,43450,24,0.09,416.59,9658,4494.53,1985.0,2761.88,2.39,4.5,0.04,0.0,0.98,0.13,0.94,0.44,0,0.13,0,0
CUST0264,57,1,3,1,2,19,23,41686,48,0.08,185.83,8608,4385.35,1017.68,3019.14,3.97,4.84,0.02,0.05,0.89,0.07,0.95,0.53,0,0.17,0,0
CUST0265,56,1,4,1,0,16,22,31238,24,0.09,705.05,13695,6417.93,1427.1,5144.92,4.61,2.28,0.05,0.0,0.98,0.07,0.93,0.44,0,0.15,0,0
CUST0266,55,1,4,1,1,22,20,36597,48,0.1,361.08,7275,3191.22,928.19,2794.51,4.01,5.0,0.05,0.03,0.98,0.04,0.98,0.51,0,0.08,0,0
CUST0267,58,1,3,1,0,20,14,33738,24,0.09,281.02,10600,4775.13,1541.31,4002.54,3.6,3.18,0.03,0.0,0.87,0.11,0.92,0.55,0,0.15,0,0
CUST0268,56,1,3,1,0,19,21,48820,36,0.08,347.26,6367,2974.34,1529.84,1515.56,1.99,5.0,0.05,0.0,0.87,0.06,0.99,0.53,0,0.11,0,0
CUST0269,59,1,4,1,0,21,19,49749,60,0.1,324.82,6305,2578.72,1057.02,2344.44,3.22,5.0,0.05,0.0,0.94,0.13,0.97,0.45,0,0.15,0,0
CUST0270,54,1,4,1,1,17,15,34786,60,0.08,316.08,8747,3348.49,705.33,4377.1,7.21,3.98,0.04,0.03,0.99,0.12,0.97,0.55,0,0.08,0,0
CUST0271,59,1,3,1,0,30,22,18541,24,0.1,281.9,6639,3397.36,855.57,2104.17,3.46,2.79,0.04,0.0,0.93,0.08,0.86,0.53,0,0.08,0,0
CUST0272,57,1,4,1,2,18,18,18774,48,0.09,648.46,12246,5137.53,467.19,5992.82,13.83,1.53,0.05,0.05,0.89,0.14,0.91,0.45,0,0.16,0,0
CUST0273,50,1,3,1,2,15,18,23462,48,0.09,455.81,14561,5797.01,583.85,7724.33,14.23,1.61,0.03,0.06,0.94,0.07,0.93,0.54,0,0.14,0,0
CUST0274,60,1,3,1,1,30,14,34262,60,0.09,340.52,12511,5406.39,711.22,6052.87,9.51,2.74,0.03,0.02,0.96,0.12,0.98,0.56,0,0.16,0,0
CUST0275,57,1,3,1,0,27,24,32179,24,0.08,88.79,8650,4705.4,1455.37,2400.44,2.65,3.72,0.01,0.0,0.86,0.06,0.99,0.51,0,0.06,0,0
CUST0276,53,1,3,1,2,16,23,35187,60,0.09,550.38,12075,5657.99,730.42,5136.21,8.03,2.91,0.05,0.06,0.94,0.14,0.97,0.56,0,0.12,0,0
CUST0277,53,1,4,1,0,16,24,49289,36,0.09,405.5,14489,7166.03,1567.38,5350.09,4.41,3.4,0.03,0.0,0.95,0.15,0.86,0.47,0,0.11,0,0
CUST0278,60,1,4,1,2,21,20,11007,24,0.1,577.63,12474,5905.58,507.92,5482.87,11.79,0.88,0.05,0.05,0.93,0.1,0.9,0.6,0,0.08,0,0
CUST0279,53,1,4,1,2,15,16,21471,60,0.09,472.88,13450,6388.31,445.7,6143.11,14.78,1.6,0.04,0.06,0.9,0.05,0.93,0.46,0,0.13,0,0
CUST0280,59,1,4,1,1,30,24,25943,48,0.1,333.6,10098,4624.93,657.98,4481.49,7.81,2.57,0.03,0.02,0.94,0.04,0.87,0.42,0,0.15,0,0
CUST0281,53,1,4,1,1,26,20,45104,24,0.09,237.97,9767,4148.72,2060.56,3319.75,2.61,4.62,0.02,0.03,0.91,0.12,0.9,0.54,0,0.08,0,0
CUST0282,55,1,3,1,2,23,14,22462,60,0.09,260.64,11792,4951.77,466.27,6113.32,14.11,1.9,0.02,0.05,0.89,0.07,0.98,0.61,0,0.1,0,0
CUST0283,51,1,3,1,2,30,21,10434,24,0.1,205.24,7964,3528.88,481.48,3748.4,8.79,1.31,0.03,0.06,0.98,0.14,0.94,0.47,0,0.08,0,0
CUST0284,58,1,4,1,0,19,12,44454,60,0.09,372.0,10591,4998.22,922.79,4297.99,5.66,4.2,0.04,0.0,0.91,0.12,0.88,0.64,0,0.15,0,0
CUST0285,57,1,3,1,0,21,18,48076,24,0.09,256.77,11171,5408.69,2196.34,3309.2,2.51,4.3,0.02,0.0,0.93,0.07,0.92,0.55,0,0.1,0,0
CUST0286,57,1,3,1,1,26,17,36253,48,0.09,763.28,12945,6176.57,902.16,5102.99,6.66,2.8,0.06,0.03,0.95,0.13,0.96,0.6,0,0.13,0,0
CUST0287,56,1,3,1,2,19,19,10638,36,0.09,503.56,9212,3711.15,338.29,4659.0,14.77,1.15,0.05,0.05,0.94,0.1,0.9,0.52,0,0.09,0,0
CUST0288,59,1,4,1,0,20,12,24120,48,0.09,220.33,6781,3302.87,600.23,2657.57,5.43,3.56,0.03,0.0,0.9,0.08,0.93,0.63,0,0.09,0,0
CUST0289,50,1,3,1,1,21,21,47741,36,0.1,334.64,12746,5460.18,1540.47,5410.71,4.51,3.75,0.03,0.03,0.93,0.13,0.92,0.42,0,0.14,0,0
CUST0290,57,1,3,1,2,25,18,47462,60,0.1,151.55,8373,3283.29,1008.43,3929.73,4.9,5.0,0.02,0.05,0.88,0.07,0.89,0.47,0,0.15,0,0
CUST0291,54,1,4,1,2,29,18,20965,36,0.1,288.79,13289,5332.3,676.48,6991.43,11.34,1.58,0.02,0.05,0.89,0.12,0.96,0.45,0,0.11,0,0
CUST0292,51,1,4,1,2,16,12,36018,24,0.08,100.15,7045,3417.37,1629.0,1898.48,2.17,5.0,0.01,0.06,0.99,0.08,0.88,0.58,0,0.12,0,0
CUST0293,52,1,3,1,0,16,22,33385,48,0.1,436.39,8150,3744.3,846.73,3122.58,4.69,4.1,0.05,0.0,0.99,0.1,0.87,0.64,0,0.13,0,0
CUST0294,59,1,4,1,2,24,17,41565,36,0.1,381.34,13480,6134.97,1341.19,5622.5,5.19,3.08,0.03,0.05,0.89,0.07,0.85,0.6,0,0.18,0,0
CUST0295,55,1,4,1,2,15,23,42239,60,0.09,533.81,10698,5458.1,876.81,3829.28,5.37,3.95,0.05,0.05,0.94,0.13,0.93,0.45,0,0.18,0,0
CUST0296,56,1,3,1,0,27,25,34796,36,0.09,274.0,12467,5632.35,1106.5,5454.15,5.93,2.79,0.02,0.0,0.96,0.14,0.97,0.57,0,0.09,0,0
CUST0297,58,1,4,1,0,17,14,18953,48,0.08,339.57,10404,4758.88,462.7,4842.85,11.47,1.82,0.03,0.0,0.96,0.09,0.9,0.44,0,0.2,0,0
CUST0298,50,1,3,1,1,23,14,38732,24,0.08,313.71,9046,3669.2,1751.74,3311.35,2.89,4.28,0.03,0.03,0.9,0.07,0.97,0.65,0,0.12,0,0
CUST0299,50,1,3,1,0,16,16,35717,24,0.09,625.1,11410,4688.06,1631.72,4465.12,3.74,3.13,0.05,0.0,0.89,0.08,0.85,0.64,0,0.16,0,0
CUST0300,56,1,3,1,2,16,15,40201,24,0.09,445.98,13257,7251.04,1836.57,3723.41,3.03,3.03,0.03,0.05,0.95,0.07,0.9,0.56,0,0.06,0,0
CUST0301,39,0,2,0,3,5,3,6255,18,0.19,790.49,6267,4950.96,402.09,123.46,1.31,1.0,0.13,0.14,0.28,0.64,0.33,0.7,0,0.63,1,1
CUST0302,25,0,2,2,0,4,4,14278,24,0.14,680.66,5242,4034.11,685.53,-158.3,0.77,2.72,0.13,0.0,0.4,0.66,0.33,0.91,0,0.78,1,1
CUST0303,23,1,2,2,0,1,4,6812,18,0.2,474.91,2489,1925.2,441.17,-352.28,0.2,2.74,0.19,0.0,0.49,0.58,0.3,0.84,0,0.66,1,1
CUST0304,26,0,2,0,3,4,3,11892,24,0.16,669.7,4053,2937.11,582.27,-136.08,0.77,2.93,0.17,0.33,0.35,0.59,0.47,0.81,0,0.81,1,1
CUST0305,27,0,2,0,2,2,3,10439,12,0.18,482.13,2564,1823.8,957.05,-698.98,0.27,4.07,0.19,0.2,0.51,0.64,0.34,0.82,0,0.65,1,1
CUST0306,24,1,2,2,3,4,2,13044,18,0.15,726.54,6415,4753.51,813.75,121.2,1.15,2.03,0.11,0.43,0.41,0.47,0.46,0.69,0,0.81,1,1
CUST0307,28,1,2,2,0,0,4,13779,18,0.17,375.93,2876,2169.34,872.63,-541.9,0.38,4.79,0.13,0.0,0.36,0.63,0.27,0.9,0,0.61,1,1
CUST0308,37,1,2,2,2,4,4,9046,24,0.13,434.05,2655,1953.35,430.06,-162.46,0.62,3.41,0.16,0.1,0.47,0.7,0.27,0.71,0,0.71,1,1
CUST0309,25,1,2,2,1,4,2,12339,24,0.2,649.87,3892,2813.34,628.0,-199.21,0.68,3.17,0.17,0.12,0.47,0.68,0.39,0.83,0,0.76,1,1
CUST0310,35,0,2,2,3,4,3,13773,12,0.17,604.69,2852,2087.61,1256.16,-1096.46,0.13,4.83,0.21,0.17,0.52,0.62,0.5,0.88,0,0.67,1,1
CUST0311,35,0,2,2,3,4,3,8898,18,0.16,870.1,4649,3195.54,559.3,24.06,1.04,1.91,0.19,0.17,0.54,0.63,0.38,0.92,0,0.64,1,1
CUST0312,31,0,2,0,0,5,3,12071,24,0.17,452.57,3817,3067.73,596.82,-300.12,0.5,3.16,0.12,0.0,0.26,0.56,0.28,0.75,0,0.72,1,1
CUST0313,29,1,2,2,3,4,2,4264,24,0.15,650.07,4099,2894.54,206.75,347.64,2.68,1.04,0.16,0.25,0.52,0.66,0.45,0.68,0,0.74,1,1
CUST0314,23,1,2,2,0,2,3,10115,18,0.2,1293.24,6720,4210.21,655.08,561.47,1.86,1.51,0.19,0.0,0.47,0.7,0.48,0.82,0,0.74,1,1
CUST0315,23,0,2,0,1,2,2,5509,12,0.18,973.5,4496,3684.12,505.07,-666.69,0.0,1.23,0.22,0.17,0.48,0.62,0.27,0.77,0,0.79,1,1
CUST0316,26,1,2,2,3,4,1,11980,18,0.15,468.89,3082,2119.42,747.37,-253.68,0.66,3.89,0.15,0.33,0.46,0.68,0.37,0.7,0,0.67,1,1
CUST0317,40,0,2,2,0,2,4,8298,24,0.19,651.28,3606,2234.68,418.29,301.75,1.72,2.3,0.18,0.0,0.38,0.55,0.33,0.81,0,0.56,1,1
CUST0318,31,1,2,0,1,3,1,6825,12,0.18,634.6,3386,2147.8,625.72,-22.12,0.96,2.02,0.19,0.07,0.28,0.67,0.31,0.82,0,0.59,1,1
CUST0319,31,1,2,2,2,3,4,3372,18,0.14,262.85,2112,1517.18,208.78,123.19,1.59,1.6,0.12,0.14,0.41,0.53,0.37,0.85,0,0.59,1,1
CUST0320,22,0,2,0,1,0,3,6288,24,0.17,908.03,5085,3110.39,310.89,755.69,3.43,1.24,0.18,0.2,0.25,0.57,0.32,0.88,0,0.75,1,1
CUST0321,25,1,2,0,1,3,1,8168,18,0.19,263.83,2156,1545.73,525.07,-178.63,0.66,3.79,0.12,0.12,0.4,0.59,0.48,0.66,0,0.62,1,1
CUST0322,38,1,2,0,3,5,2,3301,18,0.18,612.85,4497,3049.79,210.62,623.74,3.96,0.73,0.14,0.14,0.55,0.74,0.32,0.67,0,0.63,1,1
CUST0323,34,1,2,2,1,2,4,13763,12,0.14,482.43,2241,1533.04,1235.74,-1010.21,0.18,5.0,0.22,0.06,0.43,0.64,0.31,0.71,0,0.6,1,1
CUST0324,31,1,2,0,1,1,2,12519,24,0.18,811.23,6959,4485.13,625.0,1037.64,2.66,1.8,0.12,0.07,0.46,0.72,0.48,0.77,0,0.82,1,1
CUST0325,26,0,2,0,0,4,1,6016,18,0.19,686.15,6627,4188.36,386.73,1365.76,4.53,0.91,0.1,0.0,0.35,0.74,0.49,0.73,0,0.77,1,1
CUST0326,30,0,2,2,1,1,1,13026,24,0.15,414.29,3244,2351.09,631.59,-152.97,0.76,4.02,0.13,0.08,0.32,0.66,0.34,0.84,0,0.69,1,1
CUST0327,38,1,2,0,1,3,4,10763,12,0.14,1036.21,6953,4517.92,966.38,432.49,1.45,1.55,0.15,0.05,0.54,0.73,0.49,0.71,0,0.75,1,1
CUST0328,28,0,2,2,3,4,4,14269,18,0.19,556.05,3675,2922.61,917.26,-720.92,0.21,3.88,0.15,0.27,0.48,0.63,0.46,0.84,0,0.67,1,1
CUST0329,40,0,2,2,3,3,1,7025,24,0.17,718.73,6864,5604.06,347.33,193.88,1.56,1.02,0.1,0.13,0.37,0.68,0.49,0.7,0,0.68,1,1
CUST0330,31,1,2,2,3,2,1,14304,24,0.19,770.84,4342,3048.03,721.04,-197.91,0.73,3.29,0.18,0.21,0.28,0.6,0.29,0.81,0,0.82,1,1
CUST0331,39,1,2,0,2,3,1,5930,18,0.17,386.11,3108,2352.07,375.55,-5.73,0.98,1.91,0.12,0.09,0.39,0.53,0.42,0.89,0,0.79,1,1
CUST0332,25,0,2,0,2,0,4,14909,24,0.17,456.12,2747,1744.83,737.13,-191.08,0.74,5.0,0.17,0.25,0.26,0.5,0.33,0.89,0,0.81,1,1
CUST0333,27,0,2,2,3,2,3,14962,18,0.15,661.71,3184,2036.97,933.4,-448.08,0.52,4.7,0.21,0.3,0.54,0.45,0.44,0.65,0,0.7,1,1
CUST0334,37,0,2,0,1,1,4,10434,18,0.16,650.29,6452,4724.59,655.84,421.28,1.64,1.62,0.1,0.05,0.51,0.53,0.41,0.87,0,0.61,1,1
CUST0335,27,0,2,0,0,1,1,13928,24,0.19,676.37,3214,2139.42,702.09,-303.88,0.57,4.33,0.21,0.0,0.26,0.58,0.29,0.83,0,0.73,1,1
CUST0336,40,0,2,0,2,0,1,7903,18,0.16,714.13,6605,4513.64,496.75,880.48,2.77,1.2,0.11,0.09,0.38,0.62,0.32,0.69,0,0.76,1,1
CUST0337,30,1,2,2,1,4,1,4790,24,0.18,1025.9,4696,3467.41,239.14,-36.45,0.85,1.02,0.22,0.08,0.4,0.66,0.48,0.92,0,0.64,1,1
CUST0338,32,1,2,2,3,4,4,11069,12,0.19,556.56,4127,2687.5,1020.08,-137.14,0.87,2.68,0.13,0.2,0.31,0.49,0.37,0.87,0,0.77,1,1
CUST0339,28,1,2,2,2,2,2,3185,24,0.14,1051.27,5396,3571.92,152.92,619.89,5.05,0.59,0.19,0.18,0.34,0.6,0.33,0.65,0,0.76,1,1
CUST0340,32,0,2,2,1,2,3,14017,18,0.19,930.7,5244,4066.18,901.06,-653.94,0.27,2.67,0.18,0.07,0.39,0.64,0.47,0.79,0,0.65,1,1
CUST0341,35,1,2,0,0,1,3,8793,12,0.2,254.99,2458,1626.46,814.54,-237.99,0.71,3.58,0.1,0.0,0.55,0.64,0.46,0.8,0,0.67,1,1
CUST0342,25,1,2,2,2,3,1,11143,12,0.16,616.83,4525,3540.72,1011.01,-643.56,0.36,2.46,0.14,0.25,0.41,0.5,0.34,0.66,0,0.61,1,1
CUST0343,24,0,2,0,1,1,3,10921,24,0.19,784.85,5635,3765.75,550.51,533.89,1.97,1.94,0.14,0.14,0.48,0.48,0.5,0.79,0,0.85,1,1
CUST0344,28,1,2,0,0,0,3,3721,24,0.19,321.85,2299,1820.38,187.57,-30.8,0.84,1.62,0.14,0.0,0.52,0.48,0.44,0.85,0,0.56,1,1
CUST0345,31,1,2,2,1,2,3,11720,18,0.18,493.58,3719,2780.5,747.8,-302.88,0.59,3.15,0.13,0.07,0.3,0.48,0.49,0.8,0,0.58,1,1
CUST0346,39,1,2,0,1,5,3,12405,12,0.14,1008.22,4869,3254.94,1113.81,-507.97,0.54,2.55,0.21,0.05,0.41,0.47,0.26,0.89,0,0.57,1,1
CUST0347,34,0,2,0,3,1,4,13097,18,0.15,452.74,2440,1902.8,817.05,-732.59,0.1,5.0,0.19,0.18,0.45,0.61,0.49,0.85,0,0.69,1,1
CUST0348,26,1,2,2,3,2,4,10709,12,0.2,572.86,2761,1743.9,992.02,-547.78,0.45,3.88,0.21,0.33,0.33,0.56,0.3,0.9,0,0.65,1,1
CUST0349,32,1,2,2,0,3,1,8758,18,0.16,1097.77,5713,3642.47,550.5,422.26,1.77,1.53,0.19,0.0,0.43,0.49,0.28,0.87,0,0.79,1,1
CUST0350,32,0,2,0,3,3,4,6908,24,0.15,1034.94,6555,4162.32,334.95,1022.79,4.05,1.05,0.16,0.2,0.27,0.51,0.42,0.77,0,0.84,1,1
CUST0351,43,0,2,0,2,1,1,11407,18,0.15,766.7,4724,3548.37,711.62,-302.69,0.57,2.41,0.16,0.08,0.23,0.63,0.28,0.71,1,0.77,1,1
CUST0352,44,0,2,0,3,3,1,3483,12,0.21,1106.16,4659,3798.01,324.32,-569.49,0.0,0.75,0.24,0.11,0.38,0.5,0.24,0.64,1,0.75,1,1
CUST0353,37,0,2,0,2,1,3,6910,24,0.2,962.65,4021,3094.17,351.69,-387.51,0.0,1.72,0.24,0.1,0.46,0.72,0.43,0.88,1,0.76,1,1
CUST0354,44,0,2,0,2,2,1,8049,24,0.22,692.17,3590,2226.47,417.57,253.79,1.61,2.24,0.19,0.07,0.47,0.53,0.27,0.61,1,0.72,1,1
CUST0355,43,0,2,0,4,3,4,9130,24,0.16,429.98,3114,2049.48,447.03,187.51,1.42,2.93,0.14,0.15,0.36,0.75,0.29,0.72,1,0.68,1,1
CUST0356,29,0,2,2,1,0,2,9974,24,0.17,268.56,2050,1717.59,493.14,-429.29,0.13,4.87,0.13,0.08,0.38,0.62,0.31,0.82,1,0.77,1,1
CUST0357,38,0,2,2,4,4,4,11044,18,0.17,709.99,4052,2713.47,699.42,-70.88,0.9,2.73,0.18,0.19,0.2,0.65,0.38,0.8,1,0.68,1,1
CUST0358,42,0,2,0,1,0,5,9917,24,0.17,945.8,3860,2885.96,490.32,-462.08,0.06,2.57,0.25,0.04,0.22,0.72,0.33,0.84,1,0.81,1,1
CUST0359,33,0,2,2,1,1,4,3279,24,0.19,546.77,3404,2708.16,165.29,-16.22,0.9,0.96,0.16,0.06,0.21,0.6,0.39,0.73,1,0.74,1,1
CUST0360,40,0,2,0,4,2,3,6738,12,0.14,837.09,3850,3168.67,604.99,-760.75,0.0,1.75,0.22,0.17,0.4,0.67,0.22,0.73,1,0.65,1,1
CUST0361,26,0,2,0,1,2,4,3351,12,0.18,653.83,4188,3381.05,307.22,-154.1,0.5,0.8,0.16,0.11,0.24,0.58,0.41,0.6,1,0.63,1,1
CUST0362,30,0,2,2,4,2,2,6280,24,0.16,739.72,3923,2588.31,307.49,287.48,1.93,1.6,0.19,0.31,0.21,0.8,0.44,0.77,1,0.83,1,1
CUST0363,40,0,2,0,4,1,4,4740,12,0.19,582.33,4583,3690.25,436.82,-126.4,0.71,1.03,0.13,0.17,0.27,0.75,0.21,0.73,1,0.73,1,1
CUST0364,40,0,2,2,4,3,4,6302,12,0.18,717.77,4556,3260.46,577.77,0.0,1.0,1.38,0.16,0.17,0.42,0.61,0.28,0.75,1,0.87,1,1
CUST0365,28,0,2,0,4,4,3,7488,18,0.16,753.82,3676,2358.6,470.67,92.91,1.2,2.04,0.21,0.36,0.31,0.73,0.39,0.81,1,0.76,1,1
CUST0366,31,0,2,0,2,2,5,2173,24,0.14,629.49,3629,2304.23,104.33,590.95,6.66,0.6,0.17,0.14,0.35,0.71,0.29,0.8,1,0.67,1,1
CUST0367,26,0,2,2,1,4,2,11820,24,0.15,209.57,1597,1326.65,573.11,-512.33,0.11,5.0,0.13,0.11,0.37,0.61,0.39,0.78,1,0.82,1,1
CUST0368,30,0,2,2,3,2,4,3240,24,0.18,429.91,1954,1639.32,161.75,-276.98,0.0,1.66,0.22,0.23,0.39,0.7,0.39,0.67,1,0.82,1,1
CUST0369,33,0,2,2,4,3,3,2984,18,0.22,830.18,4683,3176.13,196.13,480.56,3.45,0.64,0.18,0.25,0.34,0.78,0.35,0.65,1,0.74,1,1
CUST0370,29,0,2,0,2,4,1,9234,24,0.16,479.68,3714,2331.16,452.13,451.03,2.0,2.49,0.13,0.17,0.4,0.73,0.2,0.74,1,0.78,1,1
CUST0371,25,0,2,0,3,1,3,8411,24,0.14,364.26,1654,1282.96,403.84,-397.06,0.02,5.0,0.22,0.38,0.33,0.62,0.38,0.83,1,0.62,1,1
CUST0372,32,0,2,0,4,0,5,10770,18,0.17,192.42,1513,1038.86,682.07,-400.35,0.41,5.0,0.13,0.27,0.48,0.69,0.29,0.84,1,0.7,1,1
CUST0373,39,0,2,0,2,1,5,2644,18,0.19,787.67,4614,3164.06,169.97,492.3,3.9,0.57,0.17,0.09,0.23,0.71,0.32,0.85,1,0.72,1,1
CUST0374,31,0,2,2,2,0,5,5907,18,0.17,422.15,2073,1646.8,374.09,-370.04,0.01,2.85,0.2,0.14,0.34,0.79,0.4,0.87,1,0.6,1,1
CUST0375,35,0,2,0,1,3,1,5468,24,0.19,359.89,1729,1246.33,275.63,-152.85,0.45,3.16,0.21,0.06,0.44,0.54,0.34,0.86,1,0.61,1,1
CUST0376,29,0,2,2,4,4,1,5976,24,0.19,708.27,3502,2182.31,301.24,310.18,2.03,1.71,0.2,0.33,0.45,0.75,0.22,0.77,1,0.83,1,1
CUST0377,27,0,2,2,1,3,5,5613,12,0.2,1093.44,4849,3461.05,519.96,-225.45,0.57,1.16,0.23,0.1,0.48,0.7,0.28,0.87,1,0.76,1,1
CUST0378,29,0,2,2,1,4,2,7496,12,0.15,490.07,2817,1834.07,676.58,-183.72,0.73,2.66,0.17,0.08,0.39,0.67,0.31,0.86,1,0.61,1,1
CUST0379,28,0,2,0,2,0,4,3322,12,0.14,1004.29,4740,3904.58,298.27,-467.14,0.0,0.7,0.21,0.18,0.37,0.59,0.37,0.82,1,0.73,1,1
CUST0380,29,0,2,2,3,4,4,8750,12,0.22,292.74,2344,1768.12,818.95,-535.81,0.35,3.73,0.12,0.25,0.25,0.65,0.44,0.78,1,0.82,1,1
CUST0381,36,0,2,2,2,1,1,10686,12,0.19,798.23,3215,2603.51,984.79,-1171.53,0.0,3.32,0.25,0.11,0.34,0.64,0.36,0.66,1,0.61,1,1
CUST0382,28,0,2,2,4,3,2,4617,24,0.21,796.9,4762,3009.04,237.25,718.81,4.03,0.97,0.17,0.36,0.26,0.58,0.35,0.85,1,0.73,1,1
CUST0383,28,0,2,2,2,1,1,9947,24,0.15,968.86,4532,3702.27,482.3,-621.43,0.0,2.19,0.21,0.18,0.37,0.6,0.25,0.79,1,0.69,1,1
CUST0384,28,0,2,2,1,1,4,5276,18,0.21,555.84,2835,1803.56,344.23,131.37,1.38,1.86,0.2,0.09,0.22,0.63,0.25,0.77,1,0.65,1,1
CUST0385,36,0,2,0,2,2,3,5313,18,0.15,262.92,2058,1589.37,331.45,-125.74,0.62,2.58,0.13,0.11,0.24,0.76,0.31,0.65,1,0.7,1,1
CUST0386,34,0,2,2,2,4,5,5763,12,0.17,921.85,3972,2918.58,525.61,-394.04,0.25,1.45,0.23,0.12,0.26,0.64,0.32,0.6,1,0.72,1,1
CUST0387,32,0,2,0,4,4,2,11695,12,0.21,438.39,2515,2056.3,1088.97,-1068.66,0.02,4.65,0.17,0.27,0.21,0.8,0.38,0.74,1,0.72,1,1
CUST0388,37,0,2,2,4,3,2,3361,24,0.2,598.62,3463,2675.15,171.06,18.17,1.11,0.97,0.17,0.2,0.26,0.61,0.26,0.88,1,0.6,1,1
CUST0389,34,0,2,0,1,3,4,4271,24,0.17,363.55,2162,1716.13,211.17,-128.85,0.39,1.98,0.17,0.06,0.33,0.69,0.42,0.62,1,0.85,1,1
CUST0390,35,0,2,2,3,3,3,10887,24,0.2,479.55,3674,2914.56,554.1,-274.21,0.51,2.96,0.13,0.17,0.45,0.72,0.21,0.86,1,0.79,1,1
CUST0391,26,0,2,0,3,3,5,2669,18,0.17,413.53,1954,1490.12,169.03,-118.68,0.3,1.37,0.21,0.33,0.36,0.73,0.23,0.69,1,0.75,1,1
CUST0392,45,0,2,2,2,2,3,6380,24,0.19,443.58,3459,2355.48,321.61,338.33,2.05,1.84,0.13,0.07,0.3,0.65,0.33,0.63,1,0.8,1,1
CUST0393,42,0,2,0,3,0,2,9501,12,0.15,424.75,2697,2204.93,857.54,-790.22,0.08,3.52,0.16,0.12,0.47,0.53,0.27,0.8,1,0.74,1,1
CUST0394,31,0,2,2,3,3,5,4163,18,0.17,740.23,3632,2606.5,263.64,21.63,1.08,1.15,0.2,0.21,0.28,0.52,0.42,0.67,1,0.87,1,1
CUST0395,45,0,2,0,3,2,4,11721,24,0.2,511.41,2875,2315.01,596.55,-547.97,0.08,4.08,0.18,0.11,0.29,0.54,0.4,0.65,1,0.67,1,1
CUST0396,40,0,2,0,1,1,3,6659,18,0.22,425.95,3023,2285.69,437.69,-126.33,0.71,2.2,0.14,0.04,0.35,0.55,0.24,0.8,1,0.85,1,1
CUST0397,29,0,2,2,1,0,3,11413,12,0.18,316.81,2160,1514.87,1046.34,-718.02,0.31,5.0,0.15,0.08,0.4,0.7,0.44,0.64,1,0.73,1,1
CUST0398,30,0,2,0,1,0,4,10182,12,0.22,516.96,3685,3036.88,952.98,-821.82,0.14,2.76,0.14,0.08,0.47,0.66,0.33,0.78,1,0.68,1,1
CUST0399,34,0,2,2,4,2,1,9847,12,0.15,734.47,4589,3401.42,888.77,-435.66,0.51,2.15,0.16,0.24,0.31,0.75,0.31,0.63,1,0.62,1,1
CUST0400,45,0,2,2,3,1,1,3369,24,0.21,562.08,2299,1767.83,173.12,-204.03,0.0,1.47,0.24,0.11,0.47,0.62,0.32,0.77,1,0.74,1,1
CUST0401,29,1,2,2,5,6,4,11108,18,0.17,2344.23,4731,3705.53,703.47,-2022.23,0.0,2.35,0.5,0.42,0.42,0.32,0.48,0.53,1,0.69,1,1
CUST0402,33,1,2,2,2,3,2,9968,24,0.22,1828.44,4981,4057.29,517.12,-1421.85,0.0,2.0,0.37,0.12,0.43,0.45,0.39,0.4,1,0.57,1,1
CUST0403,50,0,1,2,5,5,5,13037,18,0.21,1804.12,4326,3349.88,850.6,-1678.6,0.0,3.01,0.42,0.15,0.32,0.48,0.36,0.64,0,0.53,1,1
CUST0404,31,1,2,2,5,4,1,6955,24,0.18,1963.72,4678,4185.47,347.22,-1818.41,0.0,1.49,0.42,0.36,0.29,0.42,0.41,0.48,1,0.74,0,1
CUST0405,39,0,2,2,2,3,3,12553,36,0.16,1453.24,4099,3071.77,441.33,-867.34,0.0,3.06,0.35,0.09,0.3,0.53,0.39,0.49,0,0.6,0,1
CUST0406,31,0,2,0,4,5,3,6570,36,0.19,1347.08,4452,3865.21,240.83,-1001.12,0.0,1.48,0.3,0.29,0.33,0.39,0.42,0.5,0,0.48,0,1
CUST0407,44,0,1,0,5,2,1,18415,18,0.21,1052.52,2905,2342.34,1201.49,-1691.35,0.0,5.0,0.36,0.19,0.29,0.5,0.52,0.58,1,0.5,1,1
CUST0408,28,0,1,2,3,5,2,8438,18,0.22,1124.72,2485,1979.22,554.62,-1173.56,0.0,3.4,0.45,0.27,0.23,0.3,0.42,0.53,0,0.48,0,1
CUST0409,43,1,1,2,4,1,1,17818,18,0.21,1194.34,2487,1882.59,1162.53,-1752.46,0.0,5.0,0.48,0.15,0.25,0.39,0.32,0.65,1,0.73,1,1
CUST0410,39,0,1,2,2,4,2,9617,18,0.21,1314.46,2657,2169.93,627.46,-1454.85,0.0,3.62,0.49,0.09,0.22,0.35,0.43,0.61,1,0.66,0,1
CUST0411,42,0,1,0,5,7,2,13425,18,0.18,1726.47,4758,4077.86,856.59,-1902.92,0.0,2.82,0.36,0.2,0.32,0.43,0.42,0.51,1,0.62,0,1
CUST0412,30,1,1,0,4,8,5,17061,24,0.2,1153.92,3343,2913.08,868.33,-1592.33,0.0,5.0,0.35,0.31,0.3,0.55,0.41,0.66,1,0.73,1,1
CUST0413,33,1,1,0,5,2,1,7348,24,0.18,657.35,2052,1695.57,366.84,-667.76,0.0,3.58,0.32,0.31,0.43,0.54,0.32,0.69,1,0.51,1,1
CUST0414,31,1,2,0,4,7,3,12795,36,0.19,1172.07,2953,2341.14,469.01,-1029.22,0.0,4.33,0.4,0.29,0.27,0.49,0.33,0.48,1,0.52,0,1
CUST0415,28,0,1,0,2,3,4,14905,36,0.17,1022.12,2407,1864.21,531.4,-1010.73,0.0,5.0,0.42,0.18,0.39,0.47,0.43,0.55,1,0.51,1,1
CUST0416,43,1,2,2,2,7,1,11285,24,0.17,1593.98,4067,3203.74,557.96,-1288.68,0.0,2.77,0.39,0.08,0.21,0.44,0.52,0.49,0,0.6,0,1
CUST0417,37,1,2,2,5,8,4,14211,18,0.19,1967.16,4931,3897.71,913.53,-1847.4,0.0,2.88,0.4,0.25,0.44,0.45,0.39,0.69,1,0.47,0,1
CUST0418,32,1,1,0,5,2,4,10654,24,0.18,1220.96,3500,2555.56,531.89,-808.41,0.0,3.04,0.35,0.33,0.26,0.38,0.32,0.61,1,0.48,0,1
CUST0419,28,1,1,0,5,7,3,5334,36,0.18,1527.69,4205,3044.43,192.84,-559.96,0.0,1.27,0.36,0.45,0.34,0.38,0.32,0.55,0,0.55,1,1
CUST0420,33,1,2,0,3,8,1,18768,36,0.16,1624.06,4518,3468.59,659.83,-1234.48,0.0,4.15,0.36,0.19,0.34,0.5,0.46,0.69,0,0.63,1,1
CUST0421,30,1,2,2,4,2,3,13268,24,0.18,1468.87,4320,3530.26,662.39,-1341.52,0.0,3.07,0.34,0.31,0.3,0.46,0.41,0.63,0,0.71,0,1
CUST0422,46,0,2,0,5,1,5,8287,24,0.18,1816.92,4044,3086.65,413.72,-1273.29,0.0,2.05,0.45,0.17,0.39,0.51,0.4,0.66,0,0.64,1,1
CUST0423,36,0,2,2,5,4,1,7456,18,0.15,1149.69,3175,2741.51,465.14,-1181.34,0.0,2.35,0.36,0.26,0.32,0.55,0.41,0.67,0,0.5,0,1
CUST0424,28,1,1,2,5,1,1,19083,18,0.17,956.29,3058,2365.78,1208.53,-1472.6,0.0,5.0,0.31,0.45,0.44,0.52,0.47,0.67,1,0.73,0,1
CUST0425,35,0,2,0,2,4,5,7003,24,0.17,929.1,2458,2028.29,346.24,-845.63,0.0,2.85,0.38,0.11,0.39,0.36,0.41,0.44,0,0.51,1,1
CUST0426,42,1,1,0,4,2,3,13941,24,0.18,1305.57,3672,2806.67,695.99,-1136.23,0.0,3.8,0.36,0.16,0.4,0.34,0.42,0.51,1,0.46,0,1
CUST0427,49,0,2,0,4,6,1,13763,18,0.21,1071.39,2223,1756.0,897.97,-1502.36,0.0,5.0,0.48,0.12,0.3,0.54,0.36,0.43,0,0.54,0,1
CUST0428,42,1,2,2,4,2,4,12718,36,0.18,2033.79,4586,3996.28,459.79,-1903.86,0.0,2.77,0.44,0.16,0.42,0.51,0.51,0.61,0,0.56,1,1
CUST0429,42,0,1,2,5,3,1,11564,18,0.19,1533.82,4847,3763.55,743.37,-1193.74,0.0,2.39,0.32,0.2,0.24,0.43,0.54,0.65,0,0.7,1,1
CUST0430,38,1,1,0,3,6,3,8254,18,0.18,1829.35,3849,2897.3,526.65,-1404.3,0.0,2.14,0.48,0.14,0.44,0.52,0.36,0.68,0,0.72,1,1
CUST0431,34,0,1,0,5,5,2,6459,24,0.16,930.27,3072,2525.5,316.25,-700.02,0.0,2.1,0.3,0.29,0.33,0.49,0.53,0.65,1,0.49,0,1
CUST0432,34,1,2,0,3,7,2,14831,18,0.22,1345.5,3090,2382.19,974.82,-1612.51,0.0,4.8,0.44,0.18,0.3,0.4,0.34,0.49,1,0.52,1,1
CUST0433,35,1,1,2,5,3,3,16354,24,0.2,1552.1,3514,2981.28,832.35,-1851.73,0.0,4.65,0.44,0.28,0.38,0.36,0.32,0.42,1,0.73,1,1
CUST0434,39,0,1,0,5,5,4,15997,24,0.16,1381.77,4483,3947.73,783.26,-1629.76,0.0,3.57,0.31,0.23,0.24,0.34,0.42,0.5,1,0.49,1,1
CUST0435,50,1,1,0,2,6,1,7095,24,0.21,1875.58,4172,3630.74,364.58,-1698.9,0.0,1.7,0.45,0.06,0.43,0.37,0.52,0.58,1,0.61,1,1
CUST0436,33,1,1,0,2,4,2,5894,18,0.16,1095.28,3292,2648.89,370.48,-822.65,0.0,1.79,0.33,0.12,0.32,0.33,0.52,0.55,1,0.56,1,1
CUST0437,42,0,1,2,4,2,2,19224,24,0.16,1614.62,4019,3015.43,941.27,-1552.32,0.0,4.78,0.4,0.16,0.27,0.52,0.45,0.58,0,0.61,0,1
CUST0438,41,0,2,2,4,1,3,16162,36,0.16,1124.21,2314,1821.67,568.21,-1200.09,0.0,5.0,0.49,0.17,0.23,0.38,0.31,0.54,1,0.59,1,1
CUST0439,47,0,2,2,5,6,5,7118,18,0.21,1674.19,4695,4057.8,464.41,-1501.4,0.0,1.52,0.36,0.17,0.4,0.49,0.44,0.58,0,0.57,0,1
CUST0440,35,0,1,2,3,7,4,9668,36,0.2,1177.53,3633,3043.48,359.3,-947.31,0.0,2.66,0.32,0.17,0.32,0.41,0.5,0.49,0,0.56,0,1
CUST0441,39,0,2,0,5,8,3,14225,36,0.18,1894.55,4099,3509.43,514.27,-1819.25,0.0,3.47,0.46,0.23,0.35,0.41,0.41,0.41,1,0.74,0,1
CUST0442,48,0,2,2,4,8,4,6297,24,0.17,2101.31,4810,4315.31,311.34,-1917.96,0.0,1.31,0.44,0.13,0.28,0.36,0.41,0.57,0,0.73,0,1
CUST0443,44,1,1,0,4,6,3,14593,18,0.2,1675.91,3740,2703.75,945.09,-1584.75,0.0,3.9,0.45,0.15,0.32,0.5,0.51,0.41,1,0.71,1,1
CUST0444,38,1,2,0,4,3,2,8032,18,0.2,2089.39,4405,3650.55,520.18,-1855.12,0.0,1.82,0.47,0.19,0.23,0.43,0.3,0.44,0,0.65,1,1
CUST0445,50,1,2,0,5,5,1,7049,18,0.15,1109.32,3659,2708.19,439.75,-598.26,0.0,1.93,0.3,0.15,0.44,0.51,0.35,0.59,0,0.58,0,1
CUST0446,30,1,1,0,5,1,1,7721,18,0.2,1283.13,3232,2586.08,500.04,-1137.25,0.0,2.39,0.4,0.38,0.2,0.41,0.36,0.49,1,0.47,0,1
CUST0447,31,1,2,0,4,1,4,11548,24,0.19,2231.69,4582,3896.67,582.12,-2128.48,0.0,2.52,0.49,0.29,0.43,0.52,0.36,0.42,0,0.58,1,1
CUST0448,45,1,2,0,2,8,5,15587,24,0.18,750.92,2260,1804.66,778.17,-1073.75,0.0,5.0,0.33,0.07,0.38,0.42,0.41,0.55,1,0.73,1,1
CUST0449,32,1,2,0,5,3,5,8394,24,0.2,1269.45,3201,2354.38,427.22,-850.05,0.0,2.62,0.4,0.33,0.24,0.34,0.42,0.64,1,0.54,0,1
CUST0450,45,0,2,0,4,3,2,18565,36,0.15,846.38,2192,1603.36,643.56,-901.3,0.0,5.0,0.39,0.14,0.35,0.33,0.36,0.48,1,0.69,0,1
CUST0451,42,0,1,2,2,3,4,5817,18,0.22,1067.87,2047,1747.4,382.34,-1150.61,0.0,2.84,0.52,0.08,0.17,0.56,0.31,0.35,1,0.58,0,1
CUST0452,36,0,2,0,6,3,1,6527,36,0.19,682.14,1821,1619.34,239.25,-719.73,0.0,3.58,0.37,0.32,0.2,0.67,0.37,0.3,1,0.78,1,1
CUST0453,35,0,1,2,4,2,4,9908,36,0.21,1044.96,2087,1619.04,373.28,-950.28,0.0,4.75,0.5,0.22,0.25,0.46,0.38,0.42,1,0.66,1,1
CUST0454,41,0,2,2,5,1,1,12476,18,0.17,1708.56,3127,2512.6,790.11,-1884.27,0.0,3.99,0.55,0.21,0.19,0.42,0.37,0.5,1,0.72,0,1
CUST0455,45,0,2,0,5,5,3,9139,24,0.16,1348.45,2960,2360.79,447.47,-1196.71,0.0,3.09,0.46,0.18,0.36,0.6,0.3,0.36,1,0.7,1,1
CUST0456,36,0,2,2,4,0,1,12805,24,0.19,1744.66,3317,2893.12,645.48,-1966.26,0.0,3.86,0.53,0.21,0.27,0.55,0.25,0.45,1,0.63,1,1
CUST0457,45,0,1,2,6,4,3,7954,24,0.22,679.81,1827,1676.79,412.64,-942.24,0.0,4.35,0.37,0.21,0.16,0.5,0.34,0.41,1,0.56,0,1
CUST0458,39,0,1,0,4,1,2,9739,24,0.18,1040.17,2110,1864.0,486.21,-1280.38,0.0,4.62,0.49,0.18,0.3,0.6,0.31,0.37,1,0.64,0,1
CUST0459,36,0,1,2,5,3,1,5511,18,0.19,954.89,2430,1876.23,354.27,-755.39,0.0,2.27,0.39,0.26,0.17,0.59,0.29,0.47,1,0.76,1,1
CUST0460,43,0,2,0,5,5,4,6668,18,0.2,1113.13,2521,2098.51,431.84,-1122.48,0.0,2.64,0.44,0.19,0.37,0.54,0.32,0.51,1,0.67,0,1
CUST0461,30,0,2,2,6,3,1,5980,24,0.21,1306.81,3433,2598.26,307.29,-779.36,0.0,1.74,0.38,0.46,0.24,0.68,0.27,0.45,1,0.76,0,1
CUST0462,43,0,1,0,4,1,2,12008,18,0.17,1238.41,2363,1912.31,760.47,-1548.19,0.0,5.0,0.52,0.15,0.25,0.56,0.32,0.57,1,0.76,1,1
CUST0463,44,0,1,0,5,5,4,6440,36,0.19,855.22,1771,1569.05,236.06,-889.33,0.0,3.64,0.48,0.19,0.24,0.47,0.29,0.46,1,0.81,1,1
CUST0464,33,0,1,2,2,4,3,13192,36,0.17,1096.31,2822,2384.84,470.33,-1129.48,0.0,4.67,0.39,0.12,0.29,0.56,0.21,0.47,1,0.6,1,1
CUST0465,41,0,1,2,6,1,1,8504,18,0.18,1759.84,3336,2902.17,542.6,-1868.61,0.0,2.55,0.53,0.25,0.25,0.63,0.33,0.42,1,0.56,0,1
CUST0466,35,0,1,0,2,4,3,10258,24,0.17,1097.76,2395,2195.17,507.18,-1405.11,0.0,4.28,0.46,0.11,0.22,0.45,0.37,0.35,1,0.81,0,1
CUST0467,26,0,2,2,2,5,1,8882,24,0.17,1457.88,2758,2135.29,439.15,-1274.32,0.0,3.22,0.53,0.22,0.21,0.66,0.4,0.32,1,0.61,0,1
CUST0468,40,0,2,2,4,0,3,11615,36,0.19,1096.44,2541,2114.9,425.76,-1096.1,0.0,4.57,0.43,0.17,0.2,0.65,0.26,0.59,1,0.73,0,1
CUST0469,42,0,1,0,6,3,4,5374,36,0.2,1072.59,2834,2502.68,199.72,-940.99,0.0,1.9,0.38,0.24,0.27,0.45,0.25,0.59,1,0.81,1,1
CUST0470,26,0,2,0,3,0,1,11900,24,0.21,639.9,1502,1340.85,611.49,-1090.24,0.0,5.0,0.43,0.33,0.23,0.58,0.33,0.45,1,0.56,0,1
CUST0471,34,0,2,2,3,5,3,11077,18,0.21,696.19,1683,1536.18,722.72,-1272.09,0.0,5.0,0.41,0.18,0.31,0.5,0.26,0.53,1,0.67,0,1
CUST0472,35,0,1,0,6,2,1,6190,36,0.23,771.53,2199,1876.83,239.61,-688.97,0.0,2.81,0.35,0.33,0.15,0.45,0.32,0.51,1,0.68,1,1
CUST0473,42,0,1,2,5,5,1,9783,24,0.23,642.14,1666,1350.88,512.37,-839.39,0.0,5.0,0.39,0.2,0.33,0.6,0.2,0.44,1,0.8,1,1
CUST0474,25,0,1,0,4,1,1,14050,36,0.18,775.05,1953,1703.07,507.94,-1033.06,0.0,5.0,0.4,0.5,0.26,0.5,0.26,0.57,1,0.74,0,1
CUST0475,25,0,2,2,4,4,4,6793,36,0.18,920.91,1901,1664.51,245.58,-930.0,0.0,3.57,0.48,0.5,0.29,0.45,0.33,0.52,1,0.58,0,1
CUST0476,41,0,2,2,2,5,3,13176,24,0.16,1449.98,2992,2461.25,645.14,-1564.37,0.0,4.4,0.48,0.08,0.3,0.64,0.27,0.55,1,0.66,0,1
CUST0477,41,0,2,0,6,0,2,4769,24,0.23,1014.52,2455,2063.45,249.77,-872.74,0.0,1.94,0.41,0.25,0.24,0.49,0.39,0.54,1,0.82,0,1
CUST0478,38,0,1,2,3,1,3,9092,18,0.21,1543.58,3461,2652.66,593.21,-1328.45,0.0,2.63,0.45,0.14,0.34,0.57,0.34,0.4,1,0.62,0,1
CUST0479,40,0,2,2,4,4,2,5194,36,0.21,944.44,1988,1749.23,195.68,-901.35,0.0,2.61,0.48,0.17,0.28,0.42,0.21,0.31,1,0.63,0,1
CUST0480,29,0,2,2,4,4,4,5077,18,0.21,665.01,1626,1374.09,331.25,-744.35,0.0,3.12,0.41,0.33,0.24,0.43,0.37,0.37,1,0.71,0,1
CUST0481,39,0,2,0,6,4,1,9564,36,0.24,1007.7,2286,2018.76,375.22,-1115.68,0.0,4.18,0.44,0.27,0.23,0.45,0.22,0.48,1,0.57,0,1
CUST0482,43,0,2,0,5,3,4,7046,18,0.17,660.19,1758,1331.67,446.22,-680.08,0.0,4.01,0.38,0.19,0.28,0.54,0.34,0.41,1,0.71,0,1
CUST0483,29,0,2,0,4,2,1,12481,36,0.21,978.19,2461,1906.25,470.22,-893.66,0.0,5.0,0.4,0.33,0.34,0.56,0.21,0.4,1,0.81,0,1
CUST0484,27,0,1,0,5,4,3,13476,36,0.24,953.79,2199,1879.57,528.7,-1163.06,0.0,5.0,0.43,0.5,0.19,0.53,0.37,0.31,1,0.61,0,1
CUST0485,45,0,1,0,6,1,2,11876,36,0.22,1000.4,1956,1737.89,453.55,-1235.84,0.0,5.0,0.51,0.21,0.24,0.51,0.38,0.3,1,0.55,1,1
CUST0486,25,0,1,2,4,3,2,14343,36,0.23,1436.78,2636,2138.28,555.21,-1494.27,0.0,5.0,0.55,0.5,0.2,0.48,0.25,0.38,1,0.6,0,1
CUST0487,30,0,1,2,4,0,1,6248,24,0.21,794.0,1901,1711.76,321.06,-925.82,0.0,3.29,0.42,0.31,0.2,0.53,0.28,0.41,1,0.6,1,1
CUST0488,27,0,1,2,3,1,4,10131,24,0.21,694.9,1742,1595.82,520.59,-1069.31,0.0,5.0,0.4,0.3,0.16,0.57,0.24,0.46,1,0.76,1,1
CUST0489,32,0,2,2,6,4,4,7428,36,0.17,776.67,1609,1335.49,264.83,-767.99,0.0,4.62,0.48,0.4,0.16,0.54,0.37,0.49,1,0.69,1,1
CUST0490,41,0,1,0,4,4,4,12106,24,0.18,1308.88,2450,2004.49,604.38,-1467.75,0.0,4.94,0.53,0.17,0.28,0.41,0.25,0.36,1,0.78,1,1
CUST0491,31,0,2,0,6,1,3,8170,36,0.17,869.55,2126,1866.15,291.28,-900.98,0.0,3.84,0.41,0.43,0.27,0.46,0.21,0.45,1,0.64,1,1
CUST0492,39,0,2,0,5,2,3,10264,18,0.17,1142.58,2385,1883.54,650.02,-1291.14,0.0,4.3,0.48,0.23,0.23,0.42,0.39,0.45,1,0.72,1,1
CUST0493,32,0,1,2,4,0,2,9468,18,0.21,848.87,1701,1348.05,617.74,-1113.66,0.0,5.0,0.5,0.27,0.33,0.64,0.24,0.48,1,0.59,1,1
CUST0494,25,0,2,0,4,3,4,13501,36,0.16,1685.75,3077,2649.9,474.66,-1733.31,0.0,4.39,0.55,0.5,0.37,0.64,0.25,0.52,1,0.61,0,1
CUST0495,41,0,2,0,4,0,3,7077,24,0.22,1058.96,2702,2347.09,367.14,-1071.19,0.0,2.62,0.39,0.17,0.25,0.56,0.28,0.47,1,0.58,0,1
CUST0496,40,0,2,0,3,3,4,10608,36,0.2,1120.33,3159,2544.36,394.23,-899.92,0.0,3.36,0.35,0.13,0.33,0.66,0.23,0.59,1,0.64,1,1
CUST0497,37,0,2,2,6,3,2,11778,18,0.19,916.42,1918,1752.15,757.13,-1507.7,0.0,5.0,0.48,0.3,0.22,0.45,0.35,0.35,1,0.77,1,1
CUST0498,25,0,1,2,5,2,2,7818,24,0.21,680.33,1882,1433.89,401.73,-633.95,0.0,4.15,0.36,0.62,0.27,0.45,0.39,0.42,1,0.59,0,1
CUST0499,29,0,2,0,2,3,2,6128,18,0.18,1254.73,2598,2309.73,391.0,-1357.46,0.0,2.36,0.48,0.17,0.19,0.56,0.27,0.36,1,0.74,1,1
CUST0500,33,0,1,2,5,0,4,13909,18,0.2,1005.95,1913,1730.79,900.79,-1724.53,0.0,5.0,0.53,0.31,0.26,0.56,0.36,0.39,1,0.79,1,1
CUST0501,46,1,4,1,1,17,7,158803,36,0.1,2078.04,34493,16090.4,5124.13,11200.43,3.19,4.6,0.06,0.03,0.88,0.16,0.91,0.57,0,0.23,1,0
CUST0502,36,1,4,1,0,12,15,190964,48,0.11,2482.98,30708,11955.98,4935.56,11333.48,3.3,5.0,0.08,0.0,0.96,0.19,0.85,0.74,0,0.12,1,0
CUST0503,46,1,4,1,0,16,10,157504,48,0.09,662.99,20015,8186.78,3919.49,7245.74,2.85,5.0,0.03,0.0,0.82,0.16,0.9,0.67,0,0.16,1,0
CUST0504,47,1,4,1,1,8,5,115694,36,0.11,2133.78,27740,11071.24,3787.67,10747.31,3.84,4.17,0.08,0.03,0.89,0.14,0.79,0.71,0,0.23,1,0
CUST0505,49,1,4,1,1,12,7,94718,36,0.11,935.96,24191,9792.83,3100.95,10361.26,4.34,3.92,0.04,0.03,0.94,0.1,0.9,0.55,0,0.15,1,0
CUST0506,49,1,4,1,0,11,5,189538,36,0.1,2863.3,38467,14874.64,6115.86,14613.2,3.39,4.93,0.07,0.0,0.9,0.16,0.9,0.58,0,0.22,1,0
CUST0507,49,1,4,1,2,8,5,148931,36,0.12,860.87,18435,7972.22,4946.64,4655.27,1.94,5.0,0.05,0.06,0.83,0.13,0.96,0.63,0,0.13,1,0
CUST0508,37,1,4,1,0,20,15,94009,60,0.1,1105.68,29455,12907.04,1997.41,13444.87,7.73,3.19,0.04,0.0,0.87,0.15,0.81,0.6,0,0.2,1,0
CUST0509,48,1,4,1,0,11,6,143474,48,0.1,1194.82,22917,9998.68,3638.87,8084.63,3.22,5.0,0.05,0.0,0.88,0.14,0.79,0.75,0,0.22,1,0
CUST0510,46,1,4,1,0,11,11,129045,60,0.1,1428.12,17879,9273.24,2741.82,4435.82,2.62,5.0,0.08,0.0,0.95,0.19,0.88,0.61,0,0.12,1,0
CUST0511,45,1,4,1,2,20,7,137044,36,0.11,2114.61,40465,20384.46,4486.64,13479.29,4.0,3.39,0.05,0.07,0.96,0.14,0.84,0.7,0,0.21,1,0
CUST0512,47,1,4,1,2,19,8,181968,60,0.11,1526.7,48490,18516.43,3956.43,24490.44,7.19,3.75,0.03,0.07,0.94,0.09,0.82,0.66,0,0.14,1,0
CUST0513,37,1,4,1,0,13,12,127755,36,0.09,618.03,18927,7733.84,4062.57,6512.56,2.6,5.0,0.03,0.0,0.97,0.15,0.95,0.73,0,0.16,1,0
CUST0514,43,1,4,1,2,20,5,186543,48,0.11,1133.69,35810,15053.94,4821.3,14801.07,4.07,5.0,0.03,0.08,0.96,0.12,0.82,0.68,0,0.26,1,0
CUST0515,42,1,4,1,2,14,13,134315,36,0.1,2688.36,29578,11264.66,4333.97,11291.01,3.61,4.54,0.09,0.08,0.83,0.1,0.89,0.59,0,0.14,1,0
CUST0516,37,1,4,1,2,16,8,111947,60,0.09,1366.65,26382,12702.89,2323.84,9988.62,5.3,4.24,0.05,0.1,0.94,0.11,0.81,0.61,0,0.15,1,0
CUST0517,49,1,4,1,1,20,12,70975,48,0.1,1717.22,28199,11377.94,1800.11,13303.73,8.39,2.52,0.06,0.03,0.9,0.17,0.92,0.75,0,0.24,1,0
CUST0518,35,1,4,1,1,9,9,190823,36,0.11,2265.03,39996,16182.3,6247.3,15301.37,3.45,4.77,0.06,0.06,0.87,0.11,0.88,0.67,0,0.16,1,0
CUST0519,50,1,4,1,0,11,5,53364,60,0.11,1622.78,27826,12031.85,1160.26,13011.11,12.21,1.92,0.06,0.0,0.89,0.13,0.91,0.65,0,0.16,1,0
CUST0520,53,1,4,1,1,8,6,150879,60,0.09,1907.73,19668,9574.64,3132.0,5053.63,2.61,5.0,0.1,0.03,0.94,0.17,0.84,0.73,0,0.21,1,0
CUST0521,46,1,4,1,2,14,11,114694,36,0.1,1038.57,18781,9559.63,3700.85,4481.95,2.21,5.0,0.06,0.07,0.93,0.08,0.9,0.59,0,0.21,1,0
CUST0522,39,1,4,1,0,17,14,92317,36,0.09,2527.27,31665,12441.9,2935.66,13760.17,5.69,2.92,0.08,0.0,0.88,0.16,0.96,0.57,0,0.26,1,0
CUST0523,48,1,4,1,1,12,9,181241,60,0.11,1333.66,25867,11215.68,3940.62,9377.04,3.38,5.0,0.05,0.03,0.89,0.19,0.91,0.57,0,0.21,1,0
CUST0524,46,1,4,1,1,19,8,154325,60,0.1,2122.21,24352,12618.81,3278.95,6332.03,2.93,5.0,0.09,0.03,0.82,0.09,0.91,0.68,0,0.22,1,0
CUST0525,48,1,4,1,0,13,7,85214,36,0.1,987.5,26182,11791.48,2749.62,10653.4,4.87,3.25,0.04,0.0,0.91,0.11,0.82,0.74,0,0.25,1,0
CUST0526,41,1,4,1,1,15,15,78624,60,0.09,1805.89,31996,13471.52,1632.1,15086.49,10.24,2.46,0.06,0.04,0.86,0.12,0.89,0.67,0,0.22,1,0
CUST0527,38,1,4,1,0,12,5,60973,36,0.1,879.52,15623,7668.55,1967.43,5107.5,3.6,3.9,0.06,0.0,0.9,0.2,0.83,0.67,0,0.24,1,0
CUST0528,54,1,4,1,1,13,15,139935,48,0.11,3302.91,43144,22078.46,3616.69,14145.94,4.91,3.24,0.08,0.03,0.88,0.09,0.84,0.63,0,0.12,1,0
CUST0529,49,1,4,1,2,10,5,82216,60,0.1,3598.1,41332,19752.44,1746.85,16234.61,10.29,1.99,0.09,0.06,0.88,0.15,0.9,0.67,0,0.17,1,0
CUST0530,41,1,4,1,2,13,5,144425,36,0.12,1177.7,15205,7344.23,4796.98,1886.09,1.39,5.0,0.08,0.08,0.86,0.14,0.91,0.75,0,0.16,1,1
CUST0531,50,1,4,1,2,14,9,101138,60,0.09,1511.51,21583,9772.95,2099.46,8199.08,4.91,4.69,0.07,0.06,0.96,0.14,0.8,0.75,0,0.15,1,0
CUST0532,52,1,4,1,0,15,6,176397,60,0.11,1911.69,45592,18878.27,3835.3,20966.74,6.47,3.87,0.04,0.0,0.97,0.16,0.8,0.8,0,0.11,1,0
CUST0533,45,1,4,1,1,11,9,174859,60,0.09,2705.62,40132,16012.9,3629.79,17783.69,5.9,4.36,0.07,0.04,0.94,0.09,0.9,0.77,0,0.27,1,0
CUST0534,54,1,4,1,2,13,11,150047,60,0.11,1730.07,19238,8823.82,3262.39,5421.72,2.66,5.0,0.09,0.05,0.95,0.11,0.8,0.57,0,0.12,1,0
CUST0535,53,1,4,1,2,9,14,146400,36,0.12,1923.67,27331,14036.37,4862.57,6508.39,2.34,5.0,0.07,0.06,0.82,0.09,0.88,0.76,0,0.28,1,0
CUST0536,45,1,4,1,2,20,7,186249,60,0.11,2244.7,38922,16000.83,4049.5,16626.97,5.11,4.79,0.06,0.07,0.91,0.14,0.81,0.79,0,0.25,1,0
CUST0537,50,1,4,1,0,17,9,88239,60,0.11,3554.05,44870,22084.15,1918.53,17313.27,10.02,1.97,0.08,0.0,0.92,0.12,0.96,0.58,0,0.28,1,0
CUST0538,53,1,4,1,2,11,12,126413,60,0.12,4018.71,46344,17992.31,2811.99,21520.99,8.65,2.73,0.09,0.06,0.84,0.17,0.93,0.78,0,0.14,1,0
CUST0539,36,1,4,1,1,19,11,128407,60,0.12,842.31,26732,10753.94,2856.34,12279.41,5.3,4.8,0.03,0.05,0.88,0.13,0.87,0.64,0,0.17,1,0
CUST0540,37,1,4,1,2,12,9,101142,60,0.12,1942.17,49592,21578.87,2249.85,23821.11,11.59,2.04,0.04,0.1,0.94,0.15,0.92,0.76,0,0.23,1,0
CUST0541,49,1,4,1,2,10,12,176469,48,0.12,2220.37,25727,10531.79,4647.11,8327.73,2.79,5.0,0.09,0.06,0.85,0.16,0.85,0.76,0,0.12,1,0
CUST0542,39,1,4,1,1,18,7,64766,36,0.1,3815.12,39677,17709.54,2089.82,16062.52,8.69,1.63,0.1,0.05,0.84,0.14,0.84,0.66,0,0.13,1,0
CUST0543,47,1,4,1,0,9,8,153978,48,0.1,1306.65,31056,14393.27,3905.28,11450.8,3.93,4.96,0.04,0.0,0.94,0.17,0.96,0.72,0,0.12,1,0
CUST0544,49,1,4,1,1,18,15,166685,48,0.09,1543.32,40041,15869.36,4147.96,18480.36,5.46,4.16,0.04,0.03,0.92,0.19,0.82,0.7,0,0.28,1,0
CUST0545,50,1,4,1,2,19,6,97473,48,0.1,1988.0,32938,15488.88,2472.17,12988.95,6.25,2.96,0.06,0.06,0.91,0.09,0.79,0.78,0,0.24,1,0
CUST0546,40,1,4,1,2,8,11,195767,60,0.11,1432.89,41563,18878.42,4256.45,16995.24,4.99,4.71,0.03,0.09,0.95,0.14,0.93,0.71,0,0.24,1,0
CUST0547,41,1,4,1,0,17,7,51395,60,0.1,742.84,22689,9620.17,1091.99,11234.0,11.29,2.27,0.03,0.0,0.91,0.16,0.8,0.61,0,0.24,1,0
CUST0548,37,1,4,1,2,12,10,192718,36,0.1,695.33,23173,11872.27,6218.47,4386.93,1.71,5.0,0.03,0.1,0.87,0.19,0.87,0.75,0,0.22,1,0
CUST0549,49,1,4,1,2,15,10,187013,48,0.11,1888.62,24165,10910.08,4833.45,6532.85,2.35,5.0,0.08,0.06,0.93,0.09,0.79,0.59,0,0.25,1,0
CUST0550,41,1,4,1,2,16,8,144126,48,0.09,837.71,23795,11115.21,3586.58,8255.5,3.3,5.0,0.04,0.08,0.86,0.13,0.94,0.65,0,0.11,1,0
CUST0551,38,1,2,1,1,9,9,14312,36,0.12,793.52,7484,4416.47,475.36,1798.65,4.78,1.91,0.11,0.05,0.65,0.25,0.67,0.67,0,0.26,0,0
CUST0552,37,1,3,1,3,6,9,21329,24,0.11,657.39,4635,2294.91,994.1,688.6,1.69,4.6,0.14,0.15,0.78,0.14,0.78,0.55,0,0.2,0,0
CUST0553,37,1,2,1,1,9,8,24043,24,0.12,979.13,7101,4254.05,1131.79,736.03,1.65,3.39,0.14,0.05,0.73,0.22,0.8,0.52,0,0.39,0,0
CUST0554,42,1,3,2,2,7,6,8311,24,0.12,608.72,5480,2763.31,391.23,1716.74,5.39,1.52,0.11,0.08,0.67,0.27,0.74,0.57,0,0.35,0,0
CUST0555,43,1,2,2,2,12,8,17398,36,0.13,966.13,7750,4405.88,586.21,1791.78,4.06,2.24,0.12,0.08,0.8,0.16,0.74,0.5,0,0.25,0,0
CUST0556,40,1,2,1,3,8,4,13410,24,0.1,680.68,4738,2504.48,618.8,934.04,2.51,2.83,0.14,0.13,0.78,0.12,0.81,0.64,0,0.39,0,0
CUST0557,34,1,3,1,2,5,8,14231,24,0.12,1010.71,7929,4752.96,669.9,1495.43,3.23,1.79,0.13,0.12,0.67,0.24,0.81,0.68,0,0.37,0,0
CUST0558,31,1,3,1,3,8,5,10461,36,0.13,1307.87,8975,5091.75,352.47,2222.91,7.31,1.17,0.15,0.21,0.7,0.18,0.68,0.51,0,0.38,0,0
CUST0559,37,1,2,2,2,12,6,16675,24,0.1,803.1,8416,4942.72,769.47,1900.71,3.47,1.98,0.1,0.1,0.8,0.27,0.81,0.6,0,0.38,0,0
CUST0560,44,1,2,2,1,12,6,17776,36,0.1,1000.03,7999,4315.08,573.58,2110.31,4.68,2.22,0.13,0.04,0.7,0.12,0.69,0.53,0,0.3,0,0
CUST0561,34,1,2,2,1,7,10,16196,24,0.11,683.41,7364,4003.31,754.86,1922.42,3.55,2.2,0.09,0.06,0.8,0.21,0.66,0.72,0,0.32,0,0
CUST0562,44,1,2,2,3,11,4,19771,24,0.1,383.57,5325,2813.91,912.33,1215.19,2.33,3.71,0.07,0.11,0.7,0.17,0.61,0.64,0,0.39,0,0
CUST0563,38,1,3,2,3,12,10,12175,36,0.12,477.35,4973,3046.75,404.38,1044.52,3.58,2.45,0.1,0.14,0.77,0.24,0.78,0.51,0,0.39,0,0
CUST0564,30,1,2,2,3,5,10,15749,24,0.12,744.28,5033,2708.58,741.36,838.78,2.13,3.13,0.15,0.23,0.77,0.19,0.66,0.6,0,0.35,0,0
CUST0565,37,1,2,1,2,6,10,16635,24,0.12,538.81,5249,2902.47,783.07,1024.65,2.31,3.17,0.1,0.1,0.78,0.14,0.76,0.63,0,0.22,0,0
CUST0566,34,1,2,1,2,5,6,14297,24,0.11,400.85,5879,3438.04,666.35,1373.76,3.06,2.43,0.07,0.12,0.63,0.19,0.67,0.63,0,0.23,0,0
CUST0567,40,1,3,1,3,11,9,9692,36,0.1,1085.08,7490,4058.14,312.73,2034.05,7.5,1.29,0.14,0.13,0.76,0.16,0.8,0.52,0,0.18,0,0
CUST0568,40,1,3,2,2,6,7,14056,36,0.13,501.28,5736,3107.82,473.6,1653.3,4.49,2.45,0.09,0.09,0.64,0.12,0.72,0.69,0,0.25,0,0
CUST0569,41,1,3,1,3,9,5,20584,24,0.13,1119.17,8824,4431.26,978.6,2294.97,3.35,2.33,0.13,0.12,0.64,0.21,0.8,0.64,0,0.22,0,0
CUST0570,44,1,2,2,2,12,10,14619,24,0.1,526.69,4808,2464.53,674.59,1142.19,2.69,3.04,0.11,0.07,0.67,0.26,0.79,0.7,0,0.39,0,0
CUST0571,41,1,2,2,1,12,7,24510,24,0.11,1128.5,7673,4040.64,1142.36,1361.5,2.19,3.19,0.15,0.04,0.68,0.27,0.61,0.71,0,0.22,0,0
CUST0572,42,1,2,1,2,11,8,20787,36,0.12,485.91,8055,4149.75,690.43,2728.91,4.95,2.58,0.06,0.08,0.73,0.21,0.6,0.7,0,0.29,0,0
CUST0573,38,1,2,2,3,9,8,11902,24,0.11,559.43,6485,3701.03,554.73,1669.81,4.01,1.84,0.09,0.14,0.75,0.27,0.66,0.51,0,0.37,0,0
CUST0574,31,1,2,1,1,10,9,20095,36,0.1,660.88,6039,3622.97,648.41,1106.74,2.71,3.33,0.11,0.07,0.76,0.19,0.73,0.56,0,0.19,0,0
CUST0575,30,1,2,2,1,9,4,11487,36,0.13,804.28,6912,3620.15,387.04,2100.53,6.43,1.66,0.12,0.08,0.74,0.15,0.7,0.56,0,0.22,0,0
CUST0576,42,1,3,1,3,11,6,12860,36,0.1,404.34,5275,2694.77,414.96,1760.93,5.24,2.44,0.08,0.12,0.79,0.15,0.71,0.66,0,0.32,0,0
CUST0577,30,1,2,1,2,8,4,12702,24,0.11,772.12,6540,3645.1,592.01,1530.77,3.59,1.94,0.12,0.15,0.7,0.24,0.63,0.66,0,0.18,0,0
CUST0578,33,1,3,1,1,5,10,9433,24,0.11,516.78,7095,3506.43,439.65,2632.14,6.99,1.33,0.07,0.06,0.75,0.12,0.81,0.71,0,0.2,0,0
CUST0579,40,1,2,1,2,12,10,13345,36,0.11,305.38,4696,2377.43,436.9,1576.29,4.61,2.84,0.07,0.09,0.76,0.22,0.63,0.68,0,0.2,0,0
CUST0580,39,1,3,1,1,8,4,15427,36,0.11,415.35,4840,2613.9,505.06,1305.69,3.59,3.19,0.09,0.05,0.8,0.23,0.75,0.65,0,0.38,0,0
CUST0581,45,1,2,1,1,9,6,10499,36,0.1,769.49,5389,3432.6,338.77,848.14,3.5,1.95,0.14,0.04,0.8,0.22,0.64,0.61,0,0.31,0,0
CUST0582,43,1,3,2,2,6,6,24359,36,0.13,648.61,5230,3231.21,820.75,529.43,1.65,4.66,0.12,0.08,0.64,0.12,0.81,0.52,0,0.32,0,0
CUST0583,40,1,3,2,3,12,10,10205,24,0.12,443.18,5210,3350.7,480.38,935.74,2.95,1.96,0.09,0.13,0.64,0.28,0.64,0.57,0,0.25,0,0
CUST0584,43,1,3,2,1,8,7,21718,36,0.12,859.79,7942,4477.24,721.35,1883.62,3.61,2.73,0.11,0.04,0.67,0.13,0.76,0.61,0,0.35,0,0
CUST0585,37,1,2,2,1,8,10,8562,36,0.12,673.54,4714,3030.13,284.38,725.95,3.55,1.82,0.14,0.05,0.63,0.18,0.79,0.69,0,0.36,0,0
CUST0586,39,1,2,2,1,8,10,15359,24,0.12,952.88,7771,3884.96,723.0,2210.16,4.06,1.98,0.12,0.05,0.65,0.24,0.75,0.58,0,0.19,0,0
CUST0587,33,1,2,2,3,7,4,12813,36,0.1,535.68,8764,4571.81,413.44,3243.07,8.84,1.46,0.06,0.19,0.79,0.19,0.77,0.59,0,0.21,0,0
CUST0588,39,1,3,2,2,5,6,11645,24,0.1,897.96,7851,4625.94,537.36,1789.74,4.33,1.48,0.11,0.09,0.65,0.15,0.69,0.58,0,0.39,0,0
CUST0589,44,1,3,2,3,8,7,13138,36,0.13,1263.89,8539,4855.75,442.67,1976.69,5.47,1.54,0.15,0.11,0.65,0.15,0.74,0.53,0,0.22,0,0
CUST0590,32,1,3,2,3,11,10,20467,24,0.1,769.44,7837,4256.68,944.45,1866.43,2.98,2.61,0.1,0.2,0.67,0.14,0.68,0.67,0,0.25,0,0
CUST0591,37,1,2,1,1,8,8,8359,36,0.11,906.44,6311,3245.71,273.66,1885.19,7.89,1.32,0.14,0.05,0.67,0.13,0.73,0.49,0,0.4,0,0
CUST0592,45,1,2,2,1,9,4,19686,36,0.13,386.24,4374,2471.47,663.3,852.99,2.29,4.5,0.09,0.04,0.7,0.18,0.63,0.64,0,0.25,0,0
CUST0593,33,1,2,1,3,11,7,9225,36,0.1,544.28,8113,4835.38,297.66,2435.68,9.18,1.14,0.07,0.19,0.75,0.27,0.65,0.53,0,0.33,0,0
CUST0594,34,1,3,2,1,10,6,19806,36,0.1,646.04,5319,3197.62,639.08,836.26,2.31,3.72,0.12,0.06,0.67,0.28,0.73,0.71,0,0.3,0,0
CUST0595,45,1,2,1,2,6,7,11083,36,0.11,357.53,4797,3064.27,362.84,1012.36,3.79,2.31,0.07,0.07,0.68,0.18,0.62,0.52,0,0.35,0,0
CUST0596,38,1,3,2,3,7,4,23999,24,0.11,762.5,7876,4164.25,1118.54,1830.71,2.64,3.05,0.1,0.14,0.74,0.23,0.7,0.6,0,0.32,0,0
CUST0597,40,1,2,2,3,12,6,9398,24,0.12,945.55,7061,3683.15,442.4,1989.9,5.5,1.33,0.13,0.13,0.62,0.26,0.66,0.52,0,0.27,0,0
CUST0598,32,1,3,2,3,6,6,23265,36,0.12,593.4,5827,3688.62,772.73,772.25,2.0,3.99,0.1,0.2,0.64,0.24,0.8,0.7,0,0.35,0,0
CUST0599,36,1,3,1,2,10,8,23934,24,0.12,619.96,7289,4088.82,1126.66,1453.56,2.29,3.28,0.09,0.11,0.63,0.14,0.7,0.63,0,0.25,0,0
CUST0600,31,1,3,1,2,11,7,14993,24,0.11,1144.73,8924,4318.33,698.79,2762.15,4.95,1.68,0.13,0.14,0.7,0.16,0.64,0.51,0,0.24,0,0
CUST0601,25,1,4,2,1,6,2,31942,36,0.11,906.38,6943,3407.27,1045.74,1583.61,2.51,4.6,0.13,0.12,0.65,0.31,0.52,0.76,0,0.37,0,0
CUST0602,31,1,3,2,1,4,4,10325,24,0.1,885.56,8395,5151.11,476.45,1881.88,4.95,1.23,0.11,0.07,0.62,0.32,0.67,0.87,0,0.32,0,0
CUST0603,29,1,3,2,1,3,4,20368,24,0.12,339.98,4616,2837.87,958.79,479.36,1.5,4.41,0.07,0.08,0.72,0.32,0.67,0.89,0,0.3,0,0
CUST0604,25,1,3,2,0,5,2,29691,36,0.11,322.45,4798,2504.33,972.05,999.17,2.03,5.0,0.07,0.0,0.71,0.31,0.54,0.79,0,0.22,0,0
CUST0605,28,1,3,2,1,5,4,23447,36,0.11,836.2,8613,5068.69,767.62,1940.49,3.53,2.72,0.1,0.09,0.73,0.17,0.49,0.81,0,0.19,0,0
CUST0606,26,1,4,2,1,4,4,30778,36,0.12,1176.66,8946,5972.17,1022.27,774.9,1.76,3.44,0.13,0.11,0.57,0.16,0.64,0.74,0,0.15,0,0
CUST0607,30,1,4,2,0,5,1,31879,36,0.13,641.45,5349,2794.18,1074.13,839.24,1.78,5.0,0.12,0.0,0.68,0.17,0.65,0.91,0,0.23,0,0
CUST0608,31,1,4,2,0,4,2,26631,36,0.11,612.16,7882,4821.71,871.86,1576.27,2.81,3.38,0.08,0.0,0.76,0.3,0.6,0.72,0,0.36,0,0
CUST0609,24,1,3,2,0,4,3,20980,24,0.13,332.06,4627,3139.72,997.43,157.79,1.16,4.53,0.07,0.0,0.77,0.18,0.6,0.89,0,0.33,0,1
CUST0610,30,1,4,2,0,5,3,26950,24,0.11,678.3,5555,2777.03,1256.08,843.59,1.67,4.85,0.12,0.0,0.67,0.26,0.63,0.89,0,0.29,0,0
CUST0611,28,1,4,2,0,2,1,10840,36,0.1,370.02,5802,3678.51,349.78,1403.69,5.01,1.87,0.06,0.0,0.69,0.24,0.67,0.83,0,0.16,0,0
CUST0612,26,1,4,2,0,3,2,19729,24,0.12,987.58,8216,4346.68,928.71,1953.03,3.1,2.4,0.12,0.0,0.73,0.28,0.6,0.77,0,0.37,0,0
CUST0613,24,1,3,2,1,6,1,13508,24,0.11,312.0,5347,3523.25,629.58,882.17,2.4,2.53,0.06,0.14,0.66,0.21,0.64,0.8,0,0.26,0,0
CUST0614,24,1,3,2,1,2,2,32522,36,0.11,1039.35,7889,4281.49,1064.73,1503.43,2.41,4.12,0.13,0.14,0.74,0.18,0.45,0.76,0,0.28,0,0
CUST0615,24,1,4,2,1,5,1,15190,36,0.13,287.52,5460,2831.39,511.81,1829.28,4.57,2.78,0.05,0.14,0.56,0.24,0.49,0.89,0,0.18,0,0
CUST0616,27,1,4,2,0,3,1,33846,24,0.11,643.78,4741,2732.31,1577.49,-212.58,0.87,5.0,0.14,0.0,0.63,0.24,0.52,0.87,0,0.26,0,1
CUST0617,32,1,3,2,1,3,2,32513,36,0.13,943.88,7776,3892.5,1095.49,1844.13,2.68,4.18,0.12,0.07,0.69,0.18,0.5,0.86,0,0.25,0,0
CUST0618,31,1,4,2,1,6,1,29899,36,0.11,666.83,7971,4730.22,978.85,1595.1,2.63,3.75,0.08,0.07,0.7,0.16,0.49,0.73,0,0.27,0,0
CUST0619,30,1,4,2,1,2,1,15895,36,0.11,497.63,6904,3570.63,520.38,2315.36,5.45,2.3,0.07,0.08,0.6,0.21,0.48,0.78,0,0.15,0,0
CUST0620,24,1,3,2,1,6,3,17623,24,0.11,701.08,7194,4318.99,821.37,1352.56,2.65,2.45,0.1,0.14,0.57,0.2,0.59,0.9,0,0.35,0,0
CUST0621,25,1,4,2,1,4,2,16459,24,0.12,1106.59,7954,4611.17,774.78,1461.46,2.89,2.07,0.14,0.12,0.65,0.17,0.49,0.79,0,0.24,0,0
CUST0622,24,1,3,2,0,5,3,14294,36,0.1,666.25,6835,4010.05,461.23,1697.47,4.68,2.09,0.1,0.0,0.63,0.15,0.56,0.89,0,0.25,0,0
CUST0623,28,1,4,2,1,5,1,28233,36,0.11,518.8,6750,3303.55,924.31,2003.34,3.17,4.18,0.08,0.09,0.78,0.23,0.6,0.9,0,0.34,0,0
CUST0624,25,1,3,2,0,2,2,13445,36,0.13,333.49,4739,2961.17,453.02,991.32,3.19,2.84,0.07,0.0,0.57,0.27,0.64,0.88,0,0.27,0,0
CUST0625,24,1,4,2,0,2,1,19970,24,0.11,597.75,4930,3044.69,930.76,356.8,1.38,4.05,0.12,0.0,0.64,0.27,0.66,0.84,0,0.18,0,1
CUST0626,29,1,4,2,1,2,2,28936,36,0.12,451.09,5712,3857.14,961.09,442.68,1.46,5.0,0.08,0.08,0.72,0.19,0.51,0.78,0,0.17,0,1
CUST0627,32,1,3,2,0,2,4,11974,24,0.1,801.97,6485,3393.13,552.54,1737.36,4.14,1.85,0.12,0.0,0.59,0.17,0.5,0.84,0,0.27,0,0
CUST0628,29,1,4,2,0,6,1,14261,24,0.13,639.93,7054,3929.89,677.99,1806.19,3.66,2.02,0.09,0.0,0.69,0.18,0.54,0.73,0,0.25,0,0
CUST0629,28,1,3,2,1,2,1,17882,24,0.13,280.53,5336,2760.88,850.14,1444.45,2.7,3.35,0.05,0.09,0.7,0.23,0.51,0.91,0,0.17,0,0
CUST0630,30,1,3,2,1,6,4,26643,36,0.1,366.76,6237,3333.79,859.69,1676.76,2.95,4.27,0.06,0.08,0.7,0.27,0.55,0.78,0,0.24,0,0
CUST0631,28,1,4,2,1,2,1,31179,24,0.13,484.17,8838,4630.37,1482.31,2241.15,2.51,3.53,0.05,0.09,0.56,0.2,0.47,0.74,0,0.2,0,0
CUST0632,30,1,4,2,0,3,3,26225,24,0.11,827.44,7710,4014.71,1222.29,1645.56,2.35,3.4,0.11,0.0,0.71,0.2,0.45,0.76,0,0.36,0,0
CUST0633,31,1,3,2,0,4,1,15460,24,0.11,956.35,7001,3997.87,720.56,1326.22,2.84,2.21,0.14,0.0,0.7,0.22,0.45,0.91,0,0.35,0,0
CUST0634,26,1,4,2,1,6,1,26000,24,0.11,236.12,4579,2239.29,1211.8,891.79,1.74,5.0,0.05,0.11,0.71,0.2,0.5,0.82,0,0.32,0,0
CUST0635,25,1,4,2,1,5,4,34078,36,0.13,498.84,5319,2826.88,1148.22,845.06,1.74,5.0,0.09,0.12,0.63,0.15,0.53,0.86,0,0.36,0,0
CUST0636,31,1,4,2,0,3,4,17217,24,0.11,553.05,5423,2636.56,802.45,1430.94,2.78,3.17,0.1,0.0,0.71,0.22,0.5,0.74,0,0.36,0,0
CUST0637,30,1,4,2,1,6,2,18693,36,0.13,471.4,5384,3005.38,629.84,1277.38,3.03,3.47,0.09,0.08,0.78,0.2,0.46,0.82,0,0.23,0,0
CUST0638,25,1,4,2,1,4,1,10273,36,0.13,895.83,8050,4100.88,346.14,2707.15,8.82,1.28,0.11,0.12,0.67,0.2,0.58,0.75,0,0.26,0,0
CUST0639,25,1,3,2,1,2,2,19273,24,0.1,613.47,6914,3741.61,889.35,1669.57,2.88,2.79,0.09,0.12,0.7,0.15,0.51,0.79,0,0.22,0,0
CUST0640,32,1,3,2,1,3,2,24157,24,0.11,772.97,5770,2806.69,1125.91,1064.43,1.95,4.19,0.13,0.07,0.61,0.27,0.54,0.8,0,0.36,0,0
CUST0641,28,1,4,2,0,6,4,32246,36,0.12,830.53,6974,3541.64,1071.03,1530.8,2.43,4.62,0.12,0.0,0.61,0.22,0.5,0.78,0,0.22,0,0
CUST0642,31,1,3,2,1,5,1,14541,36,0.12,1001.74,8971,5210.03,482.97,2276.26,5.71,1.62,0.11,0.07,0.63,0.21,0.56,0.91,0,0.26,0,0
CUST0643,32,1,4,2,0,3,3,17951,36,0.1,475.85,4716,2776.09,579.23,884.83,2.53,3.81,0.1,0.0,0.62,0.28,0.54,0.8,0,0.15,0,0
CUST0644,32,1,3,2,0,2,3,31295,24,0.11,629.78,8270,4130.7,1458.59,2050.93,2.41,3.78,0.08,0.0,0.66,0.21,0.46,0.87,0,0.31,0,0
CUST0645,24,1,3,2,1,3,2,32140,24,0.11,859.03,6179,3350.12,1497.98,471.87,1.32,5.0,0.14,0.14,0.55,0.23,0.61,0.74,0,0.15,0,1
CUST0646,25,1,3,2,0,3,1,25523,24,0.12,481.77,8758,4981.23,1201.46,2093.54,2.74,2.91,0.06,0.0,0.58,0.22,0.68,0.88,0,0.34,0,0
CUST0647,32,1,4,2,0,5,2,30846,24,0.11,724.03,6632,4269.08,1437.67,201.22,1.14,4.65,0.11,0.0,0.59,0.28,0.58,0.82,0,0.22,0,1
CUST0648,25,1,4,2,1,5,4,32860,24,0.11,540.75,8538,5487.36,1531.53,978.36,1.64,3.85,0.06,0.12,0.62,0.17,0.54,0.84,0,0.16,0,0
CUST0649,31,1,4,2,0,5,4,19073,24,0.13,615.95,4849,2674.46,906.77,651.82,1.72,3.93,0.13,0.0,0.67,0.21,0.61,0.8,0,0.16,0,0
CUST0650,26,1,4,2,1,3,3,34989,36,0.13,926.73,7382,3644.07,1178.92,1632.28,2.38,4.74,0.13,0.11,0.66,0.31,0.59,0.76,0,0.31,0,0
CUST0651,46,0,2,0,3,14,15,6823,24,0.15,500.71,3898,2625.28,330.82,441.19,2.33,1.75,0.13,0.1,0.39,0.66,0.59,0.27,1,0.41,1,1
CUST0652,51,0,2,0,3,15,12,2863,12,0.17,620.11,3151,1975.1,261.12,294.67,2.13,0.91,0.2,0.09,0.6,0.42,0.61,0.26,1,0.58,1,1
CUST0653,44,0,2,1,3,8,8,7723,18,0.15,406.82,2733,2043.67,481.8,-199.29,0.59,2.83,0.15,0.11,0.43,0.48,0.66,0.32,1,0.43,1,1
CUST0654,35,0,2,1,2,12,5,7153,24,0.13,288.37,2977,1657.14,340.07,691.42,3.03,2.4,0.1,0.11,0.38,0.63,0.69,0.47,1,0.47,1,1
CUST0655,51,0,2,0,3,6,20,6102,18,0.15,698.63,3830,2795.71,380.67,-45.01,0.88,1.59,0.18,0.09,0.57,0.53,0.71,0.47,1,0.53,1,1
CUST0656,34,0,2,0,2,4,20,3888,12,0.16,354.64,3318,2044.5,352.76,566.1,2.6,1.17,0.11,0.12,0.61,0.68,0.61,0.43,1,0.4,1,1
CUST0657,35,0,2,1,3,11,14,5270,24,0.13,221.97,2379,1640.33,250.55,266.15,2.06,2.22,0.09,0.17,0.49,0.68,0.62,0.26,1,0.47,1,1
CUST0658,38,0,2,0,2,5,11,6481,24,0.15,382.94,2021,1417.67,314.24,-93.85,0.7,3.21,0.19,0.1,0.39,0.55,0.75,0.39,1,0.54,1,1
CUST0659,54,0,2,0,2,9,7,9270,24,0.15,224.18,1344,774.0,449.47,-103.65,0.77,5.0,0.17,0.05,0.4,0.55,0.61,0.34,1,0.51,1,1
CUST0660,55,0,2,1,2,3,11,6376,24,0.17,359.35,2132,1463.38,315.24,-5.97,0.98,2.99,0.17,0.05,0.51,0.42,0.74,0.42,1,0.5,1,1
CUST0661,43,0,2,1,2,10,8,9349,24,0.18,356.17,3450,2151.22,466.74,475.87,2.02,2.71,0.1,0.08,0.48,0.42,0.61,0.4,1,0.44,1,1
CUST0662,53,0,2,1,2,14,12,8656,12,0.13,345.28,3396,1953.87,773.13,323.72,1.42,2.55,0.1,0.06,0.39,0.5,0.71,0.31,1,0.46,1,1
CUST0663,49,0,2,0,2,13,7,2625,18,0.18,465.74,2829,1672.43,167.49,523.34,4.12,0.93,0.16,0.06,0.58,0.67,0.76,0.36,1,0.46,1,1
CUST0664,41,0,2,0,3,11,13,4612,24,0.16,420.48,3458,1974.09,225.82,837.61,4.71,1.33,0.12,0.12,0.48,0.69,0.67,0.27,1,0.63,1,1
CUST0665,46,0,2,0,3,4,16,7938,12,0.13,284.79,2144,1280.01,709.0,-129.8,0.82,3.7,0.13,0.1,0.56,0.69,0.56,0.46,1,0.45,1,1
CUST0666,48,0,2,0,2,3,13,9000,24,0.15,349.15,2773,1535.6,436.38,451.87,2.04,3.25,0.13,0.06,0.49,0.47,0.64,0.41,1,0.52,1,1
CUST0667,51,0,2,1,4,3,15,9558,18,0.17,418.46,2449,1636.4,605.31,-211.17,0.65,3.9,0.17,0.12,0.46,0.65,0.66,0.36,1,0.58,1,1
CUST0668,53,0,2,1,5,14,14,9032,24,0.15,212.37,1433,952.26,437.93,-169.56,0.61,5.0,0.15,0.14,0.5,0.45,0.65,0.44,1,0.63,1,1
CUST0669,34,0,2,0,4,4,12,8318,24,0.14,106.81,1262,838.24,399.37,-82.42,0.79,5.0,0.08,0.24,0.45,0.48,0.61,0.41,1,0.59,1,1
CUST0670,30,0,2,0,4,7,10,5635,18,0.13,144.31,1709,942.98,346.26,275.45,1.8,3.3,0.08,0.31,0.47,0.59,0.69,0.35,1,0.54,1,1
CUST0671,32,0,2,0,2,10,10,4113,18,0.14,250.2,2332,1513.43,254.66,313.71,2.23,1.76,0.11,0.13,0.42,0.66,0.71,0.31,1,0.56,1,1
CUST0672,35,0,2,0,4,3,12,2498,24,0.18,268.33,3275,2440.06,124.71,441.9,4.54,0.76,0.08,0.22,0.58,0.65,0.69,0.26,1,0.44,1,1
CUST0673,33,0,2,0,2,11,7,3941,12,0.15,271.12,1517,947.02,355.71,-56.85,0.84,2.6,0.18,0.12,0.48,0.59,0.77,0.29,1,0.47,1,1
CUST0674,55,0,2,0,5,13,16,5855,18,0.16,228.32,2675,1557.02,368.02,521.64,2.42,2.19,0.09,0.13,0.6,0.67,0.56,0.4,1,0.6,1,1
CUST0675,46,0,2,0,3,9,6,7382,24,0.14,518.09,3281,2304.98,354.43,103.5,1.29,2.25,0.16,0.1,0.61,0.69,0.8,0.39,1,0.65,1,1
CUST0676,50,0,2,0,2,11,6,6973,18,0.16,406.62,3445,2253.26,438.3,346.82,1.79,2.02,0.12,0.06,0.43,0.57,0.78,0.33,1,0.6,1,1
CUST0677,41,0,2,0,4,14,8,7677,12,0.15,277.11,2145,1590.56,692.91,-415.58,0.4,3.58,0.13,0.17,0.4,0.57,0.57,0.34,1,0.51,1,1
CUST0678,37,0,2,0,3,12,9,9583,24,0.14,488.79,3038,2223.37,460.11,-134.27,0.71,3.15,0.16,0.15,0.54,0.58,0.75,0.34,1,0.41,1,1
CUST0679,43,0,2,1,5,13,11,9371,12,0.17,276.3,2924,1617.27,854.68,175.75,1.21,3.2,0.09,0.19,0.44,0.57,0.78,0.44,1,0.41,1,1
CUST0680,31,0,2,1,3,4,9,6218,24,0.18,363.53,2967,2168.44,310.43,124.6,1.4,2.1,0.12,0.21,0.48,0.57,0.73,0.28,1,0.62,1,1
CUST0681,40,0,2,1,2,4,16,9781,18,0.18,611.7,3622,2449.07,624.08,-62.85,0.9,2.7,0.17,0.09,0.48,0.63,0.73,0.43,1,0.58,1,1
CUST0682,48,0,2,1,3,3,16,7520,24,0.15,332.57,3286,2017.89,364.62,570.92,2.57,2.29,0.1,0.1,0.55,0.48,0.74,0.31,1,0.51,1,1
CUST0683,31,0,2,0,4,8,17,4609,12,0.18,678.86,3510,1959.94,422.55,448.65,2.06,1.31,0.19,0.29,0.59,0.62,0.66,0.32,1,0.62,1,1
CUST0684,40,0,2,0,4,5,8,4358,18,0.15,161.21,1607,955.73,271.87,218.19,1.8,2.71,0.1,0.17,0.61,0.48,0.7,0.28,1,0.44,1,1
CUST0685,38,0,2,1,3,11,10,2224,24,0.18,257.27,1777,1318.48,111.03,90.22,1.81,1.25,0.14,0.14,0.57,0.4,0.76,0.26,1,0.43,1,1
CUST0686,48,0,2,0,3,10,14,9520,12,0.17,278.08,2946,2161.88,868.27,-362.23,0.58,3.23,0.09,0.1,0.59,0.55,0.57,0.28,1,0.46,1,1
CUST0687,51,0,2,0,2,14,12,7958,12,0.15,189.72,1677,1092.42,718.28,-323.42,0.55,4.75,0.11,0.06,0.53,0.55,0.74,0.43,1,0.46,1,1
CUST0688,31,0,2,1,4,6,6,9775,24,0.16,447.32,2975,1782.57,478.61,266.5,1.56,3.29,0.15,0.29,0.59,0.47,0.6,0.37,1,0.51,1,1
CUST0689,35,0,2,0,3,6,7,9789,24,0.17,259.96,3234,2263.44,483.99,226.61,1.47,3.03,0.08,0.17,0.4,0.57,0.6,0.29,1,0.49,1,1
CUST0690,38,0,2,0,3,13,16,5966,24,0.16,430.64,3712,2175.28,292.11,813.97,3.79,1.61,0.12,0.14,0.44,0.49,0.67,0.45,1,0.49,1,1
CUST0691,41,0,2,0,4,4,12,2920,18,0.15,375.68,3425,2190.06,182.16,677.1,4.72,0.85,0.11,0.17,0.48,0.45,0.79,0.42,1,0.47,1,1
CUST0692,42,0,2,0,5,12,18,7629,12,0.13,182.42,1724,1040.58,681.4,-180.4,0.74,4.43,0.11,0.2,0.58,0.52,0.69,0.33,1,0.56,1,1
CUST0693,43,0,2,0,5,9,13,9474,12,0.14,338.55,2803,1949.87,850.64,-336.06,0.6,3.38,0.12,0.19,0.58,0.49,0.65,0.39,1,0.42,1,1
CUST0694,36,0,2,1,4,5,5,9784,24,0.13,653.11,3761,2353.78,465.15,288.96,1.62,2.6,0.17,0.21,0.46,0.51,0.74,0.27,1,0.39,1,1
CUST0695,36,0,2,1,3,11,17,9042,24,0.14,507.83,2683,1905.62,434.13,-164.58,0.62,3.37,0.19,0.16,0.46,0.46,0.73,0.49,1,0.39,1,1
CUST0696,30,0,2,1,5,15,20,2346,12,0.14,522.82,3356,1862.07,210.64,760.47,4.61,0.7,0.16,0.38,0.55,0.41,0.74,0.45,1,0.48,1,1
CUST0697,42,0,2,0,2,4,7,6132,24,0.17,143.16,1737,1209.87,303.18,80.79,1.27,3.53,0.08,0.08,0.56,0.56,0.78,0.27,1,0.54,1,1
CUST0698,42,0,2,0,4,9,5,4475,18,0.15,391.64,1995,1137.02,279.17,187.17,1.67,2.24,0.2,0.16,0.52,0.51,0.66,0.31,1,0.49,1,1
CUST0699,38,0,2,0,3,9,5,6071,24,0.15,462.83,3179,1985.44,294.36,436.37,2.48,1.91,0.15,0.14,0.41,0.47,0.79,0.35,1,0.44,1,1
CUST0700,41,0,2,1,4,8,9,8632,24,0.18,316.18,3152,1793.73,430.94,611.15,2.42,2.74,0.1,0.17,0.59,0.55,0.61,0.29,1,0.55,1,1
CUST0701,40,0,1,2,3,4,2,5373,18,0.17,613.04,3943,3273.39,340.27,-283.7,0.17,1.36,0.16,0.13,0.41,0.51,0.42,0.45,0,0.44,0,1
CUST0702,42,1,1,2,5,6,1,4636,18,0.17,1059.71,3801,2936.64,293.6,-488.95,0.0,1.22,0.28,0.2,0.48,0.37,0.24,0.57,0,0.48,0,1
CUST0703,25,0,1,2,4,2,2,2931,12,0.18,600.79,2463,1894.38,268.71,-300.88,0.0,1.19,0.24,0.5,0.37,0.39,0.42,0.49,0,0.38,0,1
CUST0704,28,1,1,2,5,5,2,7038,18,0.16,693.42,3583,2543.47,442.38,-96.27,0.78,1.96,0.19,0.45,0.41,0.57,0.44,0.48,0,0.54,0,1
CUST0705,40,0,1,2,5,6,3,3108,12,0.16,559.69,3695,3064.24,281.99,-210.92,0.25,0.84,0.15,0.22,0.35,0.39,0.24,0.64,0,0.46,0,1
CUST0706,31,0,1,2,6,3,1,2500,24,0.16,529.92,2616,1852.55,122.41,111.12,1.91,0.96,0.2,0.43,0.38,0.41,0.36,0.63,0,0.45,0,1
CUST0707,38,1,1,2,5,5,2,4086,24,0.16,677.68,4193,3348.89,200.06,-33.63,0.83,0.97,0.16,0.24,0.29,0.55,0.28,0.45,0,0.41,0,1
CUST0708,41,1,1,2,5,6,3,7476,18,0.14,622.32,3368,2291.86,462.88,-9.06,0.98,2.22,0.18,0.21,0.3,0.6,0.36,0.42,0,0.51,0,1
CUST0709,25,0,1,2,3,2,3,5601,18,0.17,703.08,3124,2308.25,354.71,-242.04,0.32,1.79,0.23,0.38,0.28,0.5,0.31,0.48,0,0.51,0,1
CUST0710,34,1,1,2,3,5,1,3360,24,0.18,1086.81,3938,3182.07,167.74,-498.62,0.0,0.85,0.28,0.18,0.38,0.48,0.4,0.57,0,0.53,0,1
CUST0711,38,0,1,2,3,3,2,7488,18,0.17,754.78,3226,2317.82,474.22,-320.82,0.32,2.32,0.23,0.14,0.48,0.6,0.31,0.43,0,0.58,0,1
CUST0712,25,1,1,2,5,5,1,2045,24,0.15,534.27,2602,1813.44,99.16,155.13,2.56,0.79,0.21,0.62,0.31,0.6,0.36,0.39,0,0.45,0,1
CUST0713,40,0,1,2,5,3,3,2468,24,0.18,992.03,3431,2866.17,123.21,-550.41,0.0,0.72,0.29,0.22,0.48,0.52,0.33,0.51,0,0.62,0,1
CUST0714,42,0,1,2,5,1,3,7843,12,0.17,617.75,2225,1583.85,715.32,-691.92,0.03,3.52,0.28,0.2,0.27,0.58,0.25,0.5,0,0.57,0,1
CUST0715,35,1,1,2,4,6,3,2136,18,0.18,434.24,2199,1831.07,136.29,-202.6,0.0,0.97,0.2,0.22,0.41,0.59,0.35,0.63,0,0.52,0,1
CUST0716,37,0,1,2,3,2,3,3208,24,0.15,549.15,3505,2492.28,155.55,308.02,2.98,0.92,0.16,0.15,0.39,0.54,0.31,0.55,0,0.61,0,1
CUST0717,25,1,1,2,5,1,2,5819,24,0.18,890.05,3074,2137.96,290.51,-244.52,0.16,1.89,0.29,0.62,0.27,0.6,0.26,0.4,0,0.47,0,1
CUST0718,25,0,1,2,4,6,2,5771,12,0.18,489.05,2493,2118.51,529.09,-643.65,0.0,2.31,0.2,0.5,0.41,0.6,0.42,0.58,0,0.58,0,1
CUST0719,34,1,1,2,5,2,2,3150,24,0.15,359.68,2018,1454.32,152.73,51.27,1.34,1.56,0.18,0.29,0.45,0.4,0.29,0.57,0,0.45,0,1
CUST0720,40,1,1,2,5,6,3,5683,24,0.17,951.63,3254,2312.57,280.98,-291.18,0.0,1.75,0.29,0.22,0.38,0.39,0.35,0.65,0,0.5,0,1
CUST0721,34,1,1,2,5,1,3,3726,18,0.14,763.67,2649,1925.7,230.7,-271.07,0.0,1.41,0.29,0.29,0.37,0.52,0.33,0.51,0,0.47,0,1
CUST0722,37,1,1,2,3,6,2,2064,12,0.16,479.04,1938,1434.6,187.27,-162.91,0.13,1.07,0.25,0.15,0.27,0.6,0.29,0.51,0,0.43,0,1
CUST0723,25,1,1,2,6,6,2,5879,12,0.15,722.05,3598,2688.35,530.63,-343.03,0.35,1.63,0.2,0.75,0.41,0.43,0.44,0.62,0,0.59,0,1
CUST0724,41,1,1,2,6,3,3,5282,24,0.13,646.2,2241,1730.49,251.12,-386.81,0.0,2.36,0.29,0.25,0.45,0.61,0.44,0.43,0,0.64,0,1
CUST0725,29,1,1,2,3,1,2,3158,18,0.16,350.09,2332,1655.16,198.5,128.25,1.65,1.35,0.15,0.25,0.28,0.59,0.29,0.4,0,0.44,0,1
CUST0726,31,0,1,2,4,2,3,6549,18,0.13,591.97,3588,2542.74,402.42,50.87,1.13,1.83,0.16,0.29,0.38,0.46,0.27,0.51,0,0.48,0,1
CUST0727,39,0,1,2,6,2,2,3093,18,0.18,762.67,2794,2351.55,197.35,-517.57,0.0,1.11,0.27,0.27,0.42,0.46,0.31,0.4,0,0.51,0,1
CUST0728,25,0,1,2,4,3,2,4784,24,0.18,711.53,2708,2139.05,238.84,-381.42,0.0,1.77,0.26,0.5,0.46,0.52,0.25,0.43,0,0.44,0,1
CUST0729,38,1,1,2,6,6,1,5487,12,0.15,595.56,2180,1634.19,495.25,-545.0,0.0,2.52,0.27,0.29,0.26,0.61,0.32,0.42,0,0.56,0,1
CUST0730,28,0,1,2,5,6,3,2830,24,0.18,562.39,3704,3054.46,141.29,-54.14,0.62,0.76,0.15,0.45,0.32,0.51,0.31,0.5,0,0.51,0,1
CUST0731,37,0,1,2,5,4,2,7194,12,0.17,767.92,3530,2910.26,656.13,-804.31,0.0,2.04,0.22,0.25,0.34,0.48,0.3,0.52,0,0.48,0,1
CUST0732,30,1,1,2,3,2,1,4761,24,0.17,961.53,3536,2530.26,235.39,-191.18,0.19,1.35,0.27,0.23,0.42,0.47,0.23,0.46,0,0.41,0,1
CUST0733,40,1,1,2,3,5,3,5025,18,0.16,976.62,3685,2953.53,315.85,-561.0,0.0,1.36,0.27,0.13,0.26,0.42,0.29,0.49,0,0.5,0,1
CUST0734,34,0,1,2,5,6,1,6352,24,0.15,447.83,1945,1383.95,307.99,-194.77,0.37,3.27,0.23,0.29,0.28,0.39,0.33,0.62,0,0.47,0,1
CUST0735,39,1,1,2,3,1,2,5053,12,0.14,687.64,2799,2395.47,453.69,-737.8,0.0,1.81,0.25,0.14,0.45,0.45,0.45,0.4,0,0.63,0,1
CUST0736,34,1,1,2,3,2,3,4104,24,0.17,972.61,3530,2961.41,202.91,-606.93,0.0,1.16,0.28,0.18,0.35,0.38,0.26,0.45,0,0.46,0,1
CUST0737,41,0,1,2,3,3,3,5874,12,0.18,1050.22,4008,3040.67,538.53,-621.42,0.0,1.47,0.26,0.12,0.43,0.42,0.37,0.54,0,0.63,0,1
CUST0738,34,0,1,2,6,2,1,5394,24,0.14,699.44,2916,2123.05,258.98,-165.47,0.36,1.85,0.24,0.35,0.47,0.44,0.27,0.38,0,0.47,0,1
CUST0739,27,1,1,2,6,6,3,4693,24,0.15,452.31,2978,2523.49,227.55,-225.35,0.01,1.58,0.15,0.6,0.33,0.44,0.32,0.5,0,0.58,0,1
CUST0740,31,0,1,2,6,3,2,2264,24,0.18,973.94,3980,3399.68,113.03,-506.65,0.0,0.57,0.24,0.43,0.38,0.44,0.27,0.65,0,0.48,0,1
CUST0741,34,1,1,2,6,1,1,7118,24,0.14,663.73,3091,2297.52,341.76,-212.01,0.38,2.3,0.21,0.35,0.48,0.36,0.44,0.53,0,0.51,0,1
CUST0742,32,0,1,2,6,5,1,2794,18,0.14,786.24,3337,2865.09,172.99,-487.32,0.0,0.84,0.24,0.4,0.29,0.39,0.4,0.58,0,0.49,0,1
CUST0743,38,0,1,2,6,5,2,4616,18,0.17,820.06,3241,2591.38,292.33,-462.77,0.0,1.42,0.25,0.29,0.4,0.52,0.34,0.52,0,0.44,0,1
CUST0744,37,1,1,2,5,4,1,3455,18,0.15,765.61,3826,2968.52,215.54,-123.67,0.43,0.9,0.2,0.25,0.36,0.4,0.43,0.48,0,0.56,0,1
CUST0745,38,0,1,2,3,5,1,3135,24,0.17,834.97,3480,2992.12,155.0,-502.09,0.0,0.9,0.24,0.14,0.42,0.61,0.29,0.45,0,0.53,0,1
CUST0746,40,1,1,2,3,6,3,7358,18,0.16,602.83,2172,1814.53,462.5,-707.86,0.0,3.39,0.28,0.13,0.29,0.45,0.42,0.43,0,0.63,0,1
CUST0747,31,0,1,2,5,1,1,3695,24,0.16,750.56,3121,2259.94,180.92,-70.42,0.61,1.18,0.24,0.36,0.48,0.57,0.44,0.52,0,0.41,0,1
CUST0748,35,0,1,2,6,6,1,2056,24,0.13,686.71,2452,1966.1,97.75,-298.56,0.0,0.84,0.28,0.33,0.48,0.58,0.24,0.49,0,0.45,0,1
CUST0749,42,0,1,2,6,4,3,2489,18,0.18,593.88,2295,1902.77,158.81,-360.46,0.0,1.08,0.26,0.24,0.26,0.46,0.43,0.55,0,0.5,0,1
CUST0750,28,0,1,2,5,5,1,7914,12,0.15,380.95,2224,1775.14,714.3,-646.39,0.1,3.56,0.17,0.45,0.31,0.48,0.28,0.47,0,0.57,0,1
CUST0751,62,1,3,1,1,27,23,10610,24,0.09,508.22,10808,4607.37,484.72,5207.69,11.74,0.98,0.05,0.02,0.91,0.06,0.88,0.34,0,0.12,0,0
CUST0752,55,1,3,1,1,31,24,10024,36,0.08,330.4,6810,3192.16,314.12,2973.32,10.47,1.47,0.05,0.03,0.93,0.06,0.97,0.47,0,0.08,0,0
CUST0753,59,1,3,1,1,27,15,18941,12,0.09,168.84,8147,3265.08,1656.42,3056.66,2.85,2.32,0.02,0.02,0.92,0.08,0.98,0.43,0,0.12,0,0
CUST0754,57,1,3,1,2,24,25,13574,24,0.09,460.56,7819,3984.97,620.12,2753.35,5.44,1.74,0.06,0.05,0.98,0.08,0.94,0.39,0,0.14,0,0
CUST0755,56,1,3,1,0,29,21,8675,12,0.09,525.65,7804,3815.55,758.64,2704.16,4.56,1.11,0.07,0.0,0.96,0.07,0.94,0.53,0,0.17,0,0
CUST0756,63,1,3,1,2,26,26,15882,12,0.09,273.23,6870,2705.66,1388.9,2502.21,2.8,2.31,0.04,0.04,0.89,0.08,0.94,0.49,0,0.16,0,0
CUST0757,55,1,3,1,2,27,22,9195,36,0.08,618.63,8658,4424.99,288.14,3326.24,12.54,1.06,0.07,0.05,0.91,0.1,0.9,0.54,0,0.09,0,0
CUST0758,59,1,3,1,2,26,17,19846,12,0.09,193.45,5748,2233.22,1735.56,1585.77,1.91,3.45,0.03,0.05,0.95,0.09,0.94,0.43,0,0.15,0,0
CUST0759,60,1,3,1,2,22,21,12836,12,0.09,298.16,11471,5123.46,1122.53,4926.85,5.39,1.12,0.03,0.05,0.95,0.09,0.92,0.3,0,0.11,0,0
CUST0760,56,1,3,1,1,26,29,5008,24,0.1,540.06,10898,5058.74,231.09,5068.11,20.0,0.46,0.05,0.03,0.9,0.08,0.94,0.54,0,0.1,0,0
CUST0761,63,1,3,1,1,28,24,15255,24,0.08,217.72,7039,3420.43,689.94,2710.91,4.93,2.17,0.03,0.02,0.88,0.11,0.94,0.42,0,0.08,0,0
CUST0762,61,1,3,1,1,23,29,10610,36,0.09,332.38,10513,5205.6,337.4,4637.62,14.75,1.01,0.03,0.02,0.89,0.06,0.92,0.38,0,0.15,0,0
CUST0763,62,1,3,1,2,29,21,14355,36,0.08,385.54,5843,2348.27,449.83,2659.36,6.91,2.46,0.07,0.04,0.97,0.11,0.95,0.34,0,0.17,0,0
CUST0764,62,1,3,1,2,33,23,8747,24,0.09,395.66,10353,5175.19,399.6,4382.55,11.97,0.84,0.04,0.04,0.9,0.07,0.92,0.49,0,0.11,0,0
CUST0765,61,1,3,1,1,33,15,17488,24,0.08,564.8,9614,4203.53,790.93,4054.74,6.13,1.82,0.06,0.02,0.9,0.08,0.91,0.5,0,0.08,0,0
CUST0766,65,1,3,1,1,29,26,5387,24,0.09,581.37,10870,4712.55,246.1,5329.98,20.0,0.5,0.05,0.02,0.97,0.1,0.95,0.41,0,0.09,0,0
CUST0767,56,1,3,1,0,30,30,16817,36,0.09,159.12,6991,3607.07,534.78,2690.03,6.03,2.41,0.02,0.0,0.96,0.1,0.99,0.42,0,0.09,0,0
CUST0768,64,1,3,1,1,21,18,5919,36,0.09,453.66,9801,4462.45,188.22,4696.67,20.0,0.6,0.05,0.02,0.91,0.08,0.99,0.32,0,0.18,0,0
CUST0769,61,1,3,1,0,24,24,14405,12,0.09,466.21,11752,5186.82,1259.74,4839.23,4.84,1.23,0.04,0.0,0.95,0.09,0.95,0.5,0,0.14,0,0
CUST0770,57,1,3,1,0,30,26,19829,24,0.09,444.8,11325,4644.09,905.88,5330.23,6.88,1.75,0.04,0.0,0.91,0.07,0.9,0.54,0,0.09,0,0
CUST0771,64,1,3,1,0,24,18,15522,24,0.09,755.16,11124,5482.45,709.12,4177.27,6.89,1.4,0.07,0.0,0.98,0.04,1.0,0.39,0,0.13,0,0
CUST0772,55,1,3,1,1,35,24,14417,24,0.09,492.28,9130,4408.15,658.64,3570.93,6.42,1.58,0.05,0.03,1.0,0.1,0.94,0.5,0,0.16,0,0
CUST0773,56,1,3,1,1,26,17,17568,36,0.09,456.7,9701,4062.4,558.66,4623.24,9.28,1.81,0.05,0.03,0.99,0.1,0.96,0.32,0,0.14,0,0
CUST0774,60,1,3,1,2,33,15,11577,36,0.09,378.38,8719,4074.53,368.15,3897.94,11.59,1.33,0.04,0.05,0.88,0.07,0.9,0.51,0,0.13,0,0
CUST0775,60,1,3,1,1,26,26,19634,36,0.1,621.38,9361,3757.17,633.53,4348.92,7.86,2.1,0.07,0.02,0.9,0.05,0.88,0.45,0,0.16,0,0
CUST0776,57,1,3,1,1,22,25,19263,24,0.1,302.53,9424,4449.48,888.89,3783.1,5.26,2.04,0.03,0.03,0.9,0.12,0.91,0.53,0,0.15,0,0
CUST0777,55,1,3,1,1,23,27,5416,24,0.1,199.12,6124,3059.47,249.92,2615.49,11.47,0.88,0.03,0.03,0.89,0.08,0.9,0.49,0,0.13,0,0
CUST0778,56,1,3,1,0,23,20,17396,12,0.08,324.24,5760,2583.22,1513.25,1339.29,1.89,3.02,0.06,0.0,0.97,0.07,0.9,0.55,0,0.16,0,0
CUST0779,60,1,3,1,1,23,29,5264,12,0.09,692.64,8915,3911.92,460.34,3850.1,9.36,0.59,0.08,0.02,0.89,0.07,0.92,0.32,0,0.17,0,0
CUST0780,65,1,3,1,0,22,27,19351,24,0.08,475.97,7463,3843.39,875.19,2268.45,3.59,2.59,0.06,0.0,0.99,0.04,0.98,0.34,0,0.06,0,0
CUST0781,63,1,3,1,0,35,16,6002,36,0.1,374.35,6275,3145.58,193.67,2561.4,14.23,0.96,0.06,0.0,0.92,0.07,0.9,0.34,0,0.17,0,0
CUST0782,57,1,3,1,2,25,26,19402,12,0.1,357.21,11078,4256.14,1705.74,4758.91,3.79,1.75,0.03,0.05,0.93,0.07,0.98,0.46,0,0.06,0,0
CUST0783,55,1,3,1,0,35,16,17041,12,0.1,328.87,7716,2982.31,1498.17,2906.65,2.94,2.21,0.04,0.0,0.95,0.08,0.9,0.3,0,0.17,0,0
CUST0784,56,1,3,1,0,23,30,12609,24,0.1,236.83,8439,3840.94,581.84,3779.39,7.5,1.49,0.03,0.0,0.95,0.09,0.92,0.42,0,0.17,0,0
CUST0785,57,1,3,1,2,31,18,12828,24,0.09,242.94,7645,3816.96,586.04,2999.06,6.12,1.68,0.03,0.05,0.91,0.05,0.99,0.36,0,0.07,0,0
CUST0786,56,1,3,1,1,29,18,9092,12,0.09,413.97,10875,5243.97,795.11,4421.95,6.56,0.84,0.04,0.03,0.97,0.08,0.95,0.43,0,0.18,0,0
CUST0787,59,1,3,1,0,30,28,11140,36,0.08,797.48,11225,5422.77,349.09,4655.66,14.34,0.99,0.07,0.0,0.97,0.1,0.96,0.5,0,0.18,0,0
CUST0788,55,1,3,1,2,21,22,7652,24,0.09,302.57,6171,2839.23,349.58,2679.62,8.67,1.24,0.05,0.05,0.92,0.09,0.98,0.44,0,0.11,0,0
CUST0789,58,1,3,1,2,28,29,6930,36,0.09,657.17,8712,4247.9,220.37,3586.56,17.28,0.8,0.08,0.05,0.92,0.11,0.91,0.5,0,0.12,0,0
CUST0790,63,1,3,1,2,23,25,17505,36,0.09,398.37,8738,4277.02,556.65,3505.96,7.3,2.0,0.05,0.04,0.88,0.08,0.89,0.54,0,0.16,0,0
CUST0791,56,1,3,1,2,29,19,19308,24,0.09,751.77,9509,4194.07,882.08,3681.08,5.17,2.03,0.08,0.05,0.89,0.11,0.94,0.4,0,0.17,0,0
CUST0792,63,1,3,1,0,27,15,8255,36,0.09,440.59,6596,2991.82,262.51,2901.08,12.05,1.25,0.07,0.0,0.95,0.08,0.89,0.43,0,0.12,0,0
CUST0793,63,1,3,1,1,25,18,16147,12,0.09,213.74,6366,3184.6,1412.08,1555.58,2.1,2.54,0.03,0.02,0.99,0.1,0.94,0.54,0,0.11,0,0
CUST0794,58,1,3,1,0,32,24,11386,36,0.1,350.02,7280,3677.3,367.39,2885.29,8.85,1.56,0.05,0.0,0.9,0.12,0.88,0.36,0,0.13,0,0
CUST0795,59,1,3,1,2,22,16,17372,24,0.08,198.72,6710,3001.59,785.69,2724.0,4.47,2.59,0.03,0.05,1.0,0.12,1.0,0.4,0,0.08,0,0
CUST0796,61,1,3,1,2,26,22,18669,24,0.08,300.01,8203,4223.48,844.35,2835.16,4.36,2.28,0.04,0.05,0.99,0.05,0.97,0.54,0,0.08,0,0
CUST0797,62,1,3,1,2,28,25,5176,36,0.08,161.28,6166,2611.69,162.2,3230.83,20.0,0.84,0.03,0.04,0.96,0.08,0.96,0.37,0,0.07,0,0
CUST0798,64,1,3,1,0,22,25,19339,24,0.1,612.97,8722,3364.39,892.4,3852.24,5.32,2.22,0.07,0.0,0.91,0.09,0.93,0.34,0,0.15,0,0
CUST0799,62,1,3,1,1,27,18,6451,36,0.09,468.18,11213,5201.34,205.14,5338.34,20.0,0.58,0.04,0.02,0.98,0.09,0.98,0.54,0,0.11,0,0
CUST0800,65,1,3,1,1,28,23,15490,36,0.09,205.57,5861,2774.46,492.58,2388.39,5.85,2.64,0.04,0.02,0.92,0.04,0.97,0.42,0,0.13,0,0
CUST0801,39,1,4,2,1,12,9,59755,60,0.14,1033.92,9842,6300.46,1390.39,1117.23,1.8,5.0,0.11,0.05,0.6,0.44,0.7,0.6,0,0.31,1,1
CUST0802,39,1,4,2,1,10,10,50195,60,0.14,1175.94,7954,4189.45,1167.95,1420.66,2.22,5.0,0.15,0.05,0.74,0.42,0.65,0.8,0,0.34,1,1
CUST0803,37,1,4,1,3,11,3,49925,48,0.12,739.46,5197,3341.37,1314.72,-198.55,0.85,5.0,0.14,0.15,0.77,0.31,0.73,0.66,0,0.47,1,1
CUST0804,40,1,2,1,3,11,8,31275,48,0.14,1965.15,11296,6552.55,854.64,1923.66,3.25,2.77,0.17,0.13,0.73,0.44,0.6,0.78,0,0.31,1,0
CUST0805,34,1,4,2,4,15,5,45080,36,0.12,1454.53,10238,6627.38,1497.3,658.79,1.44,4.4,0.14,0.24,0.74,0.46,0.72,0.81,0,0.37,1,1
CUST0806,35,1,4,2,2,11,4,33016,36,0.11,1345.09,6554,4113.52,1080.9,14.49,1.01,5.0,0.21,0.11,0.66,0.31,0.71,0.71,0,0.39,1,1
CUST0807,44,1,4,1,3,8,10,22672,36,0.13,776.93,5848,3743.62,763.91,563.54,1.74,3.88,0.13,0.11,0.68,0.44,0.78,0.64,0,0.34,1,1
CUST0808,38,1,2,2,2,5,10,48767,48,0.13,761.8,6190,4331.19,1308.3,-211.29,0.84,5.0,0.12,0.1,0.62,0.37,0.64,0.72,0,0.52,1,1
CUST0809,44,1,4,2,3,11,8,43888,36,0.12,2389.83,11117,6495.37,1457.71,774.09,1.53,3.95,0.21,0.11,0.61,0.45,0.78,0.64,0,0.43,1,1
CUST0810,36,1,4,2,1,14,6,42828,60,0.14,1149.68,5791,4029.2,996.53,-384.41,0.61,5.0,0.2,0.05,0.62,0.31,0.74,0.69,0,0.4,1,1
CUST0811,50,1,2,1,1,13,10,56634,60,0.11,1749.83,8573,4994.36,1231.36,597.45,1.49,5.0,0.2,0.03,0.61,0.41,0.57,0.75,0,0.43,1,1
CUST0812,32,1,4,2,2,11,6,49629,48,0.13,1514.66,10845,6956.42,1331.42,1042.5,1.78,4.58,0.14,0.13,0.69,0.45,0.77,0.61,0,0.43,1,1
CUST0813,50,1,2,1,3,14,4,24653,60,0.11,904.16,7576,4503.69,536.02,1632.13,4.04,3.25,0.12,0.09,0.62,0.48,0.73,0.82,0,0.51,1,0
CUST0814,32,1,4,1,3,6,4,46447,60,0.14,2028.61,10319,6638.87,1080.74,570.78,1.53,4.5,0.2,0.2,0.66,0.36,0.74,0.62,0,0.36,1,0
CUST0815,37,1,4,2,4,6,5,37072,48,0.12,1917.56,10793,6294.65,976.25,1604.54,2.64,3.43,0.18,0.2,0.6,0.35,0.57,0.64,0,0.52,1,0
CUST0816,33,1,2,2,1,7,3,54676,36,0.11,988.03,9563,5635.05,1790.02,1149.9,1.64,5.0,0.1,0.06,0.76,0.38,0.75,0.81,0,0.33,1,0
CUST0817,47,1,2,2,1,15,5,59303,48,0.13,1198.93,6489,4415.5,1590.95,-716.38,0.55,5.0,0.18,0.03,0.76,0.29,0.58,0.78,0,0.29,1,1
CUST0818,33,1,2,2,3,6,8,31823,60,0.13,1501.83,9403,6413.24,724.07,763.86,2.05,3.38,0.16,0.19,0.7,0.48,0.76,0.81,0,0.53,1,1
CUST0819,49,1,4,2,1,15,4,42173,36,0.12,2340.28,11813,6651.91,1400.75,1420.06,2.01,3.57,0.2,0.03,0.62,0.34,0.63,0.8,0,0.53,1,0
CUST0820,50,1,2,2,4,13,6,38517,48,0.12,785.12,5809,3819.03,1014.3,190.55,1.19,5.0,0.14,0.12,0.71,0.34,0.64,0.7,0,0.41,1,1
CUST0821,42,1,4,2,3,12,7,23612,60,0.14,1062.41,9597,5315.34,549.41,2669.84,5.86,2.46,0.11,0.12,0.76,0.42,0.68,0.62,0,0.36,1,0
CUST0822,33,1,2,1,3,11,6,43053,60,0.11,1920.62,9376,6268.52,936.08,250.78,1.27,4.59,0.2,0.19,0.73,0.37,0.59,0.67,0,0.47,1,1
CUST0823,38,1,4,1,2,10,4,33343,48,0.12,591.67,5808,3689.68,878.05,648.6,1.74,5.0,0.1,0.1,0.76,0.3,0.71,0.8,0,0.28,1,0
CUST0824,39,1,4,1,4,8,8,46342,36,0.12,1816.48,10403,6530.75,1539.22,516.55,1.34,4.45,0.17,0.18,0.63,0.46,0.71,0.75,0,0.52,1,1
CUST0825,41,1,4,2,1,11,9,44715,48,0.14,1292.24,6678,3700.34,1221.9,463.52,1.38,5.0,0.19,0.04,0.63,0.25,0.71,0.59,0,0.49,1,1
CUST0826,36,1,2,1,1,6,5,52016,36,0.12,2223.89,10430,6038.22,1727.68,440.21,1.25,4.99,0.21,0.05,0.63,0.41,0.76,0.68,0,0.42,1,1
CUST0827,41,1,4,1,1,11,6,25669,60,0.14,1568.35,9670,5377.89,597.27,2126.49,4.56,2.65,0.16,0.04,0.59,0.36,0.58,0.59,0,0.38,1,0
CUST0828,34,1,2,1,4,14,8,48711,60,0.12,1180.0,11246,7056.42,1083.55,1926.03,2.78,4.33,0.1,0.24,0.77,0.43,0.59,0.63,0,0.37,1,0
CUST0829,50,1,2,2,3,7,8,50279,36,0.15,744.91,5116,2712.28,1742.94,-84.13,0.95,5.0,0.15,0.09,0.77,0.37,0.6,0.73,0,0.37,1,1
CUST0830,46,1,4,1,2,14,7,56493,36,0.12,556.14,5207,3611.32,1876.38,-836.84,0.55,5.0,0.11,0.07,0.72,0.34,0.67,0.73,0,0.33,1,1
CUST0831,42,1,2,1,1,15,6,20386,48,0.11,1177.01,8034,4262.16,526.89,2067.94,4.92,2.54,0.15,0.04,0.69,0.45,0.73,0.59,0,0.43,1,0
CUST0832,32,1,4,2,3,15,9,49469,60,0.12,1341.0,10315,6274.63,1100.41,1598.96,2.45,4.8,0.13,0.2,0.78,0.4,0.66,0.8,0,0.4,1,0
CUST0833,43,1,2,2,2,11,7,30506,48,0.14,929.17,6833,4084.17,833.62,986.04,2.18,4.46,0.14,0.08,0.59,0.34,0.75,0.78,0,0.55,1,0
CUST0834,36,1,4,1,4,11,9,50184,60,0.13,1849.1,11882,8215.54,1141.84,675.52,1.59,4.22,0.16,0.21,0.65,0.4,0.58,0.71,0,0.35,1,0
CUST0835,38,1,2,2,4,13,9,44563,60,0.12,1510.47,9656,5703.89,991.28,1450.36,2.46,4.62,0.16,0.19,0.69,0.35,0.76,0.81,0,0.51,1,0
CUST0836,45,1,2,1,3,13,5,45184,60,0.13,557.09,5416,3735.83,1028.07,95.01,1.09,5.0,0.1,0.11,0.62,0.38,0.59,0.82,0,0.46,1,1
CUST0837,36,1,4,1,2,11,8,50708,36,0.14,2171.08,10253,5572.5,1733.08,776.34,1.45,4.95,0.21,0.11,0.64,0.46,0.69,0.76,0,0.52,1,1
CUST0838,35,1,2,1,1,5,3,41725,36,0.12,1423.43,11446,7809.89,1385.87,826.81,1.6,3.65,0.12,0.06,0.61,0.3,0.74,0.67,0,0.53,1,0
CUST0839,50,1,4,2,3,7,7,39873,36,0.14,2423.79,11785,6467.21,1362.76,1531.24,2.12,3.38,0.21,0.09,0.61,0.28,0.76,0.68,0,0.43,1,0
CUST0840,47,1,4,1,1,15,5,49157,36,0.14,1563.95,10733,5843.13,1680.07,1645.85,1.98,4.58,0.15,0.03,0.66,0.29,0.55,0.75,0,0.5,1,0
CUST0841,46,1,2,2,1,12,8,42267,36,0.15,1137.65,9791,5212.73,1465.2,1975.42,2.35,4.32,0.12,0.03,0.64,0.34,0.58,0.82,0,0.49,1,0
CUST0842,38,1,4,2,1,10,10,21045,60,0.15,1226.33,10195,6067.99,500.66,2400.02,5.79,2.06,0.12,0.05,0.75,0.29,0.61,0.7,0,0.53,1,0
CUST0843,47,1,2,1,2,9,7,49421,48,0.12,1669.5,7609,4330.36,1301.44,307.7,1.24,5.0,0.22,0.07,0.71,0.4,0.63,0.59,0,0.52,1,1
CUST0844,32,1,2,2,4,8,10,44904,48,0.11,2023.16,11018,7061.91,1160.57,772.36,1.67,4.08,0.18,0.27,0.65,0.43,0.75,0.77,0,0.39,1,1
CUST0845,42,1,4,2,2,12,7,37476,36,0.15,670.31,6084,4169.85,1299.12,-55.28,0.96,5.0,0.11,0.08,0.71,0.32,0.67,0.61,0,0.5,1,1
CUST0846,35,1,2,1,3,6,5,57480,36,0.14,707.09,6990,4721.5,1964.53,-403.12,0.79,5.0,0.1,0.17,0.58,0.44,0.75,0.73,0,0.32,1,1
CUST0847,46,1,4,1,1,5,5,33075,60,0.15,1893.37,10169,5627.56,786.85,1861.22,3.37,3.25,0.19,0.03,0.6,0.35,0.71,0.63,0,0.47,1,0
CUST0848,44,1,2,2,2,12,5,50750,48,0.14,1550.02,7624,4776.64,1386.82,-89.48,0.94,5.0,0.2,0.07,0.67,0.37,0.57,0.81,0,0.35,1,1
CUST0849,49,1,2,1,1,8,5,41063,36,0.12,1661.67,9713,6161.48,1363.88,525.97,1.39,4.23,0.17,0.03,0.7,0.37,0.62,0.68,0,0.5,1,1
CUST0850,39,1,2,2,3,7,4,24038,36,0.13,1002.34,9346,6378.5,809.94,1155.22,2.43,2.57,0.11,0.14,0.73,0.35,0.71,0.8,0,0.4,1,0
CUST0851,32,1,1,2,4,6,3,22771,36,0.22,1768.66,3804,3277.82,869.63,-2112.11,0.0,5.0,0.46,0.27,0.35,0.51,0.48,0.4,0,0.53,1,1
CUST0852,43,1,2,2,5,4,4,22816,24,0.17,1987.66,4404,3997.04,1128.07,-2708.77,0.0,5.0,0.45,0.19,0.19,0.46,0.32,0.62,0,0.63,0,1
CUST0853,43,0,1,2,3,2,1,8537,36,0.2,2154.95,5210,4303.73,317.27,-1565.95,0.0,1.64,0.41,0.12,0.29,0.46,0.44,0.58,1,0.58,1,1
CUST0854,49,1,2,2,5,7,2,23969,24,0.19,2961.5,5464,4360.39,1208.24,-3066.13,0.0,4.39,0.54,0.16,0.34,0.59,0.28,0.49,1,0.75,1,1
CUST0855,45,1,1,2,4,6,3,22057,24,0.21,1118.18,2553,2221.21,1133.41,-1919.8,0.0,5.0,0.44,0.14,0.26,0.61,0.28,0.5,1,0.54,1,1
CUST0856,41,0,1,2,4,6,2,18241,36,0.22,2011.96,4208,3679.26,696.63,-2179.85,0.0,4.33,0.48,0.17,0.25,0.47,0.28,0.44,0,0.72,0,1
CUST0857,37,1,1,2,4,5,1,20587,24,0.21,2086.03,4501,3572.99,1057.88,-2215.9,0.0,4.57,0.46,0.2,0.31,0.67,0.47,0.42,1,0.63,0,1
CUST0858,38,0,2,2,2,4,2,15318,24,0.19,2501.91,5415,4983.0,772.16,-2842.07,0.0,2.83,0.46,0.1,0.21,0.5,0.32,0.62,0,0.75,0,1
CUST0859,49,0,2,2,2,6,2,24519,36,0.18,2484.57,4978,4201.04,886.42,-2594.03,0.0,4.93,0.5,0.06,0.37,0.5,0.3,0.43,0,0.7,1,1
CUST0860,32,1,1,2,5,6,4,13143,36,0.22,1709.85,4009,3200.45,501.94,-1403.24,0.0,3.28,0.43,0.33,0.24,0.62,0.35,0.39,0,0.61,0,1
CUST0861,33,1,2,2,4,2,3,20288,24,0.21,1213.81,2714,2415.12,1042.51,-1957.44,0.0,5.0,0.45,0.25,0.25,0.65,0.26,0.43,0,0.77,0,1
CUST0862,34,0,1,2,3,2,1,13353,24,0.17,1998.15,4534,3814.25,660.2,-1938.6,0.0,2.95,0.44,0.18,0.2,0.52,0.27,0.46,0,0.67,1,1
CUST0863,34,0,1,2,5,2,1,16544,24,0.18,2252.96,4745,4221.19,825.94,-2555.09,0.0,3.49,0.47,0.29,0.19,0.66,0.3,0.36,0,0.73,0,1
CUST0864,34,1,2,2,5,7,4,8630,36,0.2,2268.23,4550,4066.97,320.72,-2105.92,0.0,1.9,0.5,0.29,0.3,0.43,0.39,0.41,1,0.52,0,1
CUST0865,48,0,2,2,3,2,1,17221,36,0.2,1631.56,4007,3473.47,639.99,-1738.02,0.0,4.3,0.41,0.1,0.22,0.59,0.33,0.44,1,0.63,1,1
CUST0866,44,1,2,2,3,2,1,9365,36,0.22,1383.93,2618,2372.64,357.65,-1496.22,0.0,3.58,0.53,0.11,0.22,0.58,0.42,0.57,0,0.77,1,1
CUST0867,41,0,1,2,4,2,1,18154,24,0.18,1921.34,4399,3566.52,906.32,-1995.18,0.0,4.13,0.44,0.17,0.29,0.62,0.42,0.47,1,0.69,0,1
CUST0868,45,1,1,2,2,5,1,8008,24,0.21,2415.9,4466,4134.26,411.5,-2495.66,0.0,1.79,0.54,0.07,0.38,0.5,0.34,0.5,0,0.55,1,1
CUST0869,36,0,2,2,4,1,3,21680,24,0.18,2060.12,5145,4043.71,1082.35,-2041.18,0.0,4.21,0.4,0.21,0.21,0.55,0.46,0.62,0,0.55,0,1
CUST0870,45,0,1,2,2,6,2,22917,36,0.18,1483.89,3215,2891.86,828.5,-1989.25,0.0,5.0,0.46,0.07,0.34,0.46,0.26,0.53,0,0.53,1,1
CUST0871,44,0,1,2,2,6,1,17202,36,0.22,1782.16,4189,3411.77,656.95,-1661.88,0.0,4.11,0.43,0.07,0.33,0.69,0.29,0.54,0,0.8,0,1
CUST0872,48,1,1,2,2,3,3,10897,36,0.2,1746.87,4283,3684.75,404.97,-1553.59,0.0,2.54,0.41,0.06,0.32,0.52,0.38,0.39,1,0.63,1,1
CUST0873,41,1,2,2,3,7,4,21363,36,0.24,1867.32,4414,3507.79,838.13,-1799.24,0.0,4.84,0.42,0.12,0.21,0.68,0.4,0.47,0,0.77,1,1
CUST0874,46,0,2,2,3,7,2,14744,36,0.17,2019.04,5060,4307.2,525.66,-1791.9,0.0,2.91,0.4,0.1,0.29,0.43,0.27,0.35,0,0.73,1,1
CUST0875,45,1,2,2,5,5,4,15178,36,0.22,1631.8,2978,2671.05,579.65,-1904.5,0.0,5.0,0.55,0.18,0.23,0.6,0.29,0.54,0,0.72,0,1
CUST0876,45,0,2,2,3,7,4,17924,24,0.2,1602.57,3091,2461.73,912.26,-1885.56,0.0,5.0,0.52,0.11,0.19,0.43,0.28,0.4,0,0.54,1,1
CUST0877,33,1,2,2,2,6,3,19244,36,0.19,2051.74,4228,3516.19,705.41,-2045.34,0.0,4.55,0.49,0.12,0.38,0.6,0.39,0.53,0,0.66,1,1
CUST0878,30,1,2,2,2,4,3,24066,24,0.19,1805.56,3547,3347.2,1213.13,-2818.89,0.0,5.0,0.51,0.15,0.2,0.49,0.27,0.42,0,0.65,1,1
CUST0879,37,1,1,2,4,3,4,15096,36,0.17,2390.95,4972,4456.16,538.21,-2413.32,0.0,3.04,0.48,0.2,0.33,0.43,0.37,0.37,0,0.65,1,1
CUST0880,47,0,2,2,2,6,4,13698,36,0.18,2222.74,5177,4181.29,495.22,-1722.25,0.0,2.65,0.43,0.07,0.25,0.45,0.29,0.58,0,0.66,0,1
CUST0881,30,0,2,2,2,3,2,15321,36,0.23,1895.37,4086,3592.44,593.07,-1994.88,0.0,3.75,0.46,0.15,0.34,0.65,0.47,0.38,0,0.56,0,1
CUST0882,44,1,2,2,2,6,3,11484,36,0.2,2151.51,4532,3749.84,426.79,-1796.14,0.0,2.53,0.47,0.07,0.27,0.44,0.31,0.61,1,0.65,0,1
CUST0883,34,0,1,2,2,5,2,14439,36,0.21,1421.88,2995,2614.05,543.99,-1584.92,0.0,4.82,0.47,0.12,0.29,0.69,0.4,0.51,0,0.68,0,1
CUST0884,36,1,1,2,5,1,3,9965,24,0.17,1488.04,3103,2771.61,492.69,-1649.34,0.0,3.21,0.48,0.26,0.18,0.67,0.28,0.6,1,0.74,0,1
CUST0885,45,1,1,2,2,2,4,10323,24,0.21,1804.64,4459,4128.29,530.45,-2004.38,0.0,2.32,0.4,0.07,0.35,0.55,0.48,0.37,0,0.59,1,1
CUST0886,50,0,2,2,5,1,4,9406,36,0.22,1967.34,3981,3123.9,359.22,-1469.46,0.0,2.36,0.49,0.15,0.38,0.53,0.39,0.58,0,0.65,1,1
CUST0887,50,0,1,2,4,4,1,22180,24,0.19,2549.78,5102,4466.73,1118.06,-3032.57,0.0,4.35,0.5,0.12,0.35,0.64,0.26,0.42,1,0.65,1,1
CUST0888,39,1,2,2,5,5,4,20651,24,0.2,2173.54,4692,3732.34,1051.05,-2264.93,0.0,4.4,0.46,0.23,0.26,0.56,0.4,0.42,1,0.78,1,1
CUST0889,49,0,2,2,4,2,2,19420,36,0.18,2278.2,4603,3852.48,702.08,-2229.76,0.0,4.22,0.49,0.12,0.24,0.59,0.4,0.4,0,0.74,1,1
CUST0890,36,1,2,2,3,7,4,13682,24,0.22,2596.21,5314,4936.41,709.8,-2928.42,0.0,2.57,0.49,0.16,0.23,0.64,0.44,0.4,1,0.62,1,1
CUST0891,45,1,2,2,4,2,3,10360,36,0.17,2575.05,5437,4588.91,369.36,-2096.32,0.0,1.91,0.47,0.14,0.27,0.44,0.44,0.42,1,0.65,1,1
CUST0892,46,1,1,2,4,1,4,24041,24,0.2,1931.07,4824,4080.0,1223.59,-2410.66,0.0,4.98,0.4,0.14,0.22,0.52,0.43,0.36,0,0.6,1,1
CUST0893,34,1,1,2,2,6,1,8322,24,0.19,1235.23,2892,2562.72,419.5,-1325.45,0.0,2.88,0.43,0.12,0.27,0.48,0.39,0.5,1,0.78,1,1
CUST0894,37,0,2,2,3,2,4,14656,24,0.24,1578.84,3121,2482.76,774.88,-1715.48,0.0,4.7,0.51,0.15,0.4,0.5,0.36,0.38,1,0.58,1,1
CUST0895,49,0,1,2,4,1,1,15824,36,0.19,1666.64,3178,2943.95,580.04,-2012.63,0.0,4.98,0.52,0.12,0.28,0.49,0.44,0.46,1,0.64,1,1
CUST0896,49,0,2,2,3,6,4,22308,36,0.19,1966.26,4057,3508.64,817.72,-2235.62,0.0,5.0,0.48,0.09,0.36,0.59,0.34,0.54,1,0.57,1,1
CUST0897,36,1,2,2,5,3,2,17524,24,0.19,1842.91,3392,3151.89,883.36,-2486.16,0.0,5.0,0.54,0.26,0.33,0.58,0.4,0.37,0,0.63,1,1
CUST0898,41,0,2,2,5,6,4,21898,24,0.19,1728.55,4060,3407.15,1103.85,-2179.55,0.0,5.0,0.43,0.21,0.38,0.49,0.29,0.41,0,0.76,1,1
CUST0899,41,0,1,2,3,1,1,16204,24,0.2,1092.78,2696,2219.82,824.72,-1441.32,0.0,5.0,0.41,0.12,0.21,0.54,0.45,0.4,1,0.61,0,1
CUST0900,37,0,1,2,4,5,4,21869,24,0.18,1188.82,2877,2639.11,1091.79,-2042.72,0.0,5.0,0.41,0.2,0.34,0.44,0.27,0.57,0,0.67,1,1
CUST0901,30,1,2,2,2,2,2,27486,18,0.13,996.89,6022,3322.11,1688.95,14.05,1.01,4.56,0.17,0.15,0.62,0.52,0.41,0.87,0,0.44,1,1
CUST0902,24,1,2,2,0,4,2,37739,18,0.13,509.83,4368,2907.8,2318.97,-1368.6,0.41,5.0,0.12,0.0,0.62,0.5,0.51,0.9,0,0.62,1,1
CUST0903,24,1,2,2,2,1,1,22367,18,0.12,1317.92,8243,5255.3,1363.99,305.79,1.22,2.71,0.16,0.29,0.6,0.49,0.54,0.85,0,0.57,1,1
CUST0904,32,1,2,2,1,5,4,34629,24,0.15,945.7,7257,4553.47,1679.04,78.79,1.05,4.77,0.13,0.07,0.55,0.6,0.45,0.88,0,0.52,1,1
CUST0905,26,1,2,2,2,4,4,22318,24,0.14,394.09,3946,2406.13,1071.55,74.23,1.07,5.0,0.1,0.22,0.42,0.5,0.56,0.81,0,0.66,1,1
CUST0906,34,1,2,2,2,3,4,18011,18,0.12,513.58,4145,2458.58,1098.35,74.49,1.07,4.35,0.12,0.12,0.55,0.51,0.52,0.93,0,0.55,1,1
CUST0907,28,1,2,2,0,2,1,19680,24,0.12,405.8,3420,2183.22,926.41,-95.43,0.9,5.0,0.12,0.0,0.59,0.5,0.55,0.84,0,0.56,1,1
CUST0908,29,1,2,2,1,1,3,20861,18,0.14,270.16,3331,2152.75,1291.61,-383.52,0.7,5.0,0.08,0.08,0.45,0.58,0.54,0.79,0,0.56,1,1
CUST0909,32,1,2,2,1,1,4,23219,24,0.16,1033.34,7268,4633.03,1136.87,464.76,1.41,3.19,0.14,0.07,0.49,0.39,0.53,0.8,0,0.54,1,1
CUST0910,29,1,2,2,2,1,1,15024,24,0.14,1003.1,6550,4491.41,721.35,334.14,1.46,2.29,0.15,0.17,0.59,0.42,0.59,0.81,0,0.59,1,1
CUST0911,26,1,2,2,0,1,1,19925,18,0.17,853.07,6230,3656.72,1261.85,458.36,1.36,3.2,0.14,0.0,0.53,0.6,0.44,0.87,0,0.49,1,1
CUST0912,25,1,2,2,0,2,1,18700,36,0.14,381.0,3004,1689.92,639.12,293.96,1.46,5.0,0.13,0.0,0.68,0.63,0.52,0.79,0,0.55,1,1
CUST0913,27,1,2,2,2,3,4,18456,36,0.15,1299.9,8052,5788.92,639.78,323.4,1.51,2.29,0.16,0.2,0.51,0.56,0.53,0.89,0,0.65,1,1
CUST0914,31,1,2,2,2,3,2,17412,18,0.14,1263.2,7260,4368.46,1078.07,550.27,1.51,2.4,0.17,0.14,0.5,0.64,0.65,0.79,0,0.59,1,1
CUST0915,34,1,2,2,0,2,2,37672,18,0.16,871.34,5110,3052.0,2367.93,-1181.27,0.5,5.0,0.17,0.0,0.66,0.57,0.53,0.85,0,0.53,1,1
CUST0916,31,1,2,2,1,1,2,15323,36,0.14,494.93,5713,4149.91,523.7,544.46,2.04,2.68,0.09,0.07,0.5,0.62,0.51,0.92,0,0.46,1,1
CUST0917,29,1,2,2,1,3,1,20092,18,0.14,561.55,3250,2403.64,1244.0,-959.19,0.23,5.0,0.17,0.08,0.52,0.44,0.51,0.82,0,0.49,1,1
CUST0918,34,1,2,2,1,2,3,29446,24,0.16,383.8,4350,2475.7,1441.77,48.73,1.03,5.0,0.09,0.06,0.61,0.42,0.51,0.93,0,0.68,1,1
CUST0919,34,1,2,2,2,2,1,10068,24,0.13,1553.96,8712,5012.55,478.65,1666.84,4.48,1.16,0.18,0.12,0.52,0.57,0.61,0.84,0,0.58,1,0
CUST0920,22,1,2,2,1,3,1,11276,36,0.12,348.33,4353,2426.83,374.52,1203.32,4.21,2.59,0.08,0.2,0.66,0.59,0.62,0.92,0,0.56,1,0
CUST0921,26,1,2,2,1,5,1,37256,36,0.13,1105.25,7860,4419.99,1255.3,1079.46,1.86,4.74,0.14,0.11,0.49,0.55,0.57,0.8,0,0.59,1,1
CUST0922,33,1,2,2,0,4,3,31791,18,0.15,616.92,5324,3747.84,1983.27,-1024.03,0.48,5.0,0.12,0.0,0.55,0.46,0.58,0.85,0,0.65,1,1
CUST0923,25,1,2,2,2,3,2,17886,24,0.13,486.6,5533,3206.33,850.33,989.74,2.16,3.23,0.09,0.25,0.57,0.41,0.43,0.86,0,0.46,1,1
CUST0924,23,1,2,2,1,3,2,33548,24,0.14,767.51,5314,3046.5,1610.74,-110.75,0.93,5.0,0.14,0.17,0.67,0.53,0.55,0.94,0,0.48,1,1
CUST0925,29,1,2,2,0,3,2,22805,18,0.14,1374.44,8375,4684.08,1411.98,904.5,1.64,2.72,0.16,0.0,0.63,0.49,0.6,0.86,0,0.69,1,1
CUST0926,34,1,2,2,1,4,2,36731,24,0.16,1284.71,8809,6028.91,1798.46,-303.08,0.83,4.17,0.15,0.06,0.67,0.58,0.62,0.81,0,0.66,1,1
CUST0927,24,1,2,2,1,1,4,38689,24,0.13,525.42,5052,3627.34,1839.35,-940.11,0.49,5.0,0.1,0.14,0.58,0.64,0.63,0.9,0,0.54,1,1
CUST0928,34,1,2,2,2,3,3,36221,36,0.14,394.46,3075,1692.85,1237.95,-250.26,0.8,5.0,0.13,0.12,0.63,0.52,0.45,0.84,0,0.6,1,1
CUST0929,33,1,2,2,1,5,4,39149,36,0.17,1007.76,7136,4755.2,1395.77,-22.73,0.98,5.0,0.14,0.06,0.53,0.64,0.6,0.86,0,0.62,1,1
CUST0930,30,1,2,2,2,4,1,19322,24,0.12,949.09,5377,3559.42,909.55,-41.06,0.95,3.59,0.18,0.15,0.44,0.6,0.5,0.86,0,0.67,1,1
CUST0931,31,1,2,2,1,5,2,24721,24,0.14,410.21,4891,3296.0,1186.93,-2.14,1.0,5.0,0.08,0.07,0.48,0.62,0.46,0.83,0,0.57,1,1
CUST0932,22,1,2,2,1,2,4,10073,24,0.12,772.14,4816,2718.44,474.17,851.25,2.8,2.09,0.16,0.2,0.56,0.62,0.63,0.78,0,0.66,1,1
CUST0933,33,1,2,2,1,5,1,26273,36,0.13,896.47,8243,5569.34,885.24,891.95,2.01,3.19,0.11,0.06,0.45,0.44,0.65,0.88,0,0.51,1,1
CUST0934,30,1,2,2,0,1,4,12610,24,0.15,687.25,8374,6111.76,611.42,963.57,2.58,1.51,0.08,0.0,0.45,0.58,0.46,0.89,0,0.61,1,1
CUST0935,28,1,2,2,1,2,2,21843,18,0.16,777.59,4325,2616.05,1372.97,-441.61,0.68,5.0,0.18,0.09,0.6,0.55,0.42,0.81,0,0.45,1,1
CUST0936,22,1,2,2,0,3,2,13714,24,0.14,811.38,4962,3200.93,658.45,291.24,1.44,2.76,0.16,0.0,0.56,0.52,0.52,0.88,0,0.64,1,1
CUST0937,27,1,2,2,1,2,4,36430,18,0.15,307.08,3753,2242.61,2272.68,-1069.37,0.53,5.0,0.08,0.1,0.66,0.6,0.6,0.79,0,0.44,1,1
CUST0938,24,1,2,2,0,5,2,25685,36,0.14,690.02,5802,3566.11,877.85,668.02,1.76,4.43,0.12,0.0,0.62,0.41,0.53,0.92,0,0.48,1,1
CUST0939,25,1,2,2,2,4,1,34400,18,0.16,1278.37,8087,5882.66,2162.26,-1236.29,0.43,4.25,0.16,0.25,0.56,0.5,0.48,0.84,0,0.67,1,1
CUST0940,22,1,2,2,0,1,3,10561,36,0.17,815.62,6710,4517.55,376.53,1000.3,3.66,1.57,0.12,0.0,0.64,0.64,0.62,0.79,0,0.66,1,1
CUST0941,31,1,2,2,2,1,2,25513,24,0.15,1134.33,7264,4756.5,1237.04,136.13,1.11,3.51,0.16,0.14,0.45,0.6,0.6,0.89,0,0.49,1,1
CUST0942,30,1,2,2,1,1,1,11799,24,0.15,970.25,6486,4797.67,572.09,145.99,1.26,1.82,0.15,0.08,0.63,0.65,0.47,0.92,0,0.69,1,1
CUST0943,30,1,2,2,0,4,3,34203,24,0.14,648.92,5980,3318.71,1642.18,370.19,1.23,5.0,0.11,0.0,0.47,0.41,0.43,0.87,0,0.59,1,1
CUST0944,23,1,2,2,0,1,3,35165,24,0.14,821.58,5969,3423.27,1688.37,35.78,1.02,5.0,0.14,0.0,0.57,0.4,0.41,0.83,0,0.63,1,1
CUST0945,34,1,2,2,0,5,3,39698,36,0.15,894.79,7434,4230.56,1376.14,932.51,1.68,5.0,0.12,0.0,0.66,0.46,0.62,0.8,0,0.51,1,1
CUST0946,33,1,2,2,0,1,1,29277,18,0.13,434.84,3426,2194.78,1799.0,-1002.62,0.44,5.0,0.13,0.0,0.51,0.53,0.47,0.88,0,0.58,1,1
CUST0947,34,1,2,2,0,3,2,16066,36,0.17,454.47,5028,3434.79,572.8,565.94,1.99,3.2,0.09,0.0,0.63,0.51,0.58,0.8,0,0.63,1,1
CUST0948,35,1,2,2,2,2,4,10173,36,0.15,1369.81,8590,5170.58,352.65,1696.96,5.81,1.18,0.16,0.11,0.62,0.43,0.54,0.79,0,0.48,1,0
CUST0949,32,1,2,2,0,5,3,21280,18,0.14,1057.58,6182,4094.01,1317.55,-287.14,0.78,3.44,0.17,0.0,0.49,0.45,0.61,0.8,0,0.54,1,1
CUST0950,32,1,2,2,1,1,1,23288,36,0.13,738.65,7958,4759.34,784.66,1675.35,3.14,2.93,0.09,0.07,0.47,0.55,0.43,0.89,0,0.46,1,0
CUST0951,41,1,4,1,0,16,12,458648,60,0.08,2915.04,60258,21385.67,9299.73,26657.56,3.87,5.0,0.05,0.0,0.97,0.08,0.97,0.81,0,0.05,0,0
CUST0952,50,1,4,1,1,19,14,479749,84,0.1,1312.27,57044,26183.66,7964.4,21583.67,3.71,5.0,0.02,0.03,0.95,0.08,0.97,0.71,0,0.07,0,0
CUST0953,46,1,4,1,1,21,17,356855,60,0.1,1627.12,81014,31594.82,7582.11,40209.95,6.3,4.4,0.02,0.03,0.95,0.04,0.98,0.81,0,0.12,1,0
CUST0954,46,1,4,1,0,24,14,248607,60,0.08,2435.42,84185,37298.04,5040.85,39410.69,8.82,2.95,0.03,0.0,0.98,0.03,0.95,0.68,0,0.07,0,0
CUST0955,48,1,4,1,1,23,15,351841,48,0.09,3814.69,92499,31575.26,8755.58,48353.47,6.52,3.8,0.04,0.03,0.97,0.06,1.0,0.74,0,0.11,0,0
CUST0956,43,1,4,1,2,26,18,461710,48,0.09,2732.13,65084,27681.98,11489.67,23180.22,3.02,5.0,0.04,0.08,0.98,0.03,0.96,0.82,0,0.07,1,0
CUST0957,48,1,4,1,2,32,15,429000,60,0.1,2998.35,62020,19879.85,9114.98,30026.82,4.29,5.0,0.05,0.06,0.95,0.08,0.96,0.74,0,0.05,0,0
CUST0958,45,1,4,1,2,24,23,231684,84,0.1,1554.36,44216,18296.17,3846.23,20519.24,6.33,5.0,0.04,0.07,0.97,0.1,0.96,0.69,0,0.09,0,0
CUST0959,47,1,4,1,0,25,21,347140,48,0.09,1976.05,72561,28944.88,8638.59,33001.48,4.82,4.78,0.03,0.0,0.96,0.08,0.91,0.82,0,0.07,0,0
CUST0960,46,1,4,1,1,32,12,153799,84,0.1,3533.65,91221,37197.27,2553.25,47936.83,19.77,1.69,0.04,0.03,0.94,0.05,0.94,0.61,0,0.05,1,0
CUST0961,43,1,4,1,2,33,24,209620,48,0.09,984.7,66754,23889.49,5216.4,36663.41,8.03,3.14,0.01,0.08,0.98,0.09,0.95,0.76,0,0.13,0,0
CUST0962,55,1,4,1,2,20,10,356664,48,0.1,928.69,66317,30638.12,9045.92,25704.27,3.84,5.0,0.01,0.05,0.96,0.05,0.96,0.6,0,0.12,1,0
CUST0963,54,1,4,1,0,18,10,449856,60,0.08,998.15,51534,23271.22,9121.46,18143.17,2.99,5.0,0.02,0.0,0.92,0.04,0.98,0.65,0,0.08,0,0
CUST0964,54,1,4,1,2,19,11,161801,84,0.1,2090.13,59573,21009.38,2686.09,33787.4,13.58,2.72,0.04,0.05,0.99,0.05,0.97,0.64,0,0.06,0,0
CUST0965,55,1,4,1,0,20,21,118417,84,0.08,2133.24,79556,36187.26,1845.67,39389.83,20.0,1.49,0.03,0.0,0.93,0.04,0.91,0.7,0,0.09,0,0
CUST0966,48,1,4,1,2,32,20,337531,48,0.1,3576.18,98191,40757.43,8560.66,45296.73,6.29,3.44,0.04,0.06,0.94,0.06,0.92,0.81,0,0.09,1,0
CUST0967,48,1,4,1,2,15,16,312764,60,0.09,2734.42,58068,23556.54,6492.47,25284.57,4.89,5.0,0.05,0.06,0.99,0.04,0.97,0.83,0,0.07,0,0
CUST0968,57,1,4,1,1,35,14,127699,84,0.08,3894.72,92825,42711.37,1990.34,44228.57,20.0,1.38,0.04,0.03,0.94,0.03,0.99,0.74,0,0.06,0,0
CUST0969,50,1,4,1,2,17,18,236912,60,0.09,1162.22,98822,44716.72,4917.9,48025.16,10.77,2.4,0.01,0.06,0.96,0.09,0.91,0.8,0,0.12,0,0
CUST0970,56,1,4,1,2,29,12,321313,84,0.09,1995.03,49375,16433.24,5169.63,25777.1,5.99,5.0,0.04,0.05,0.96,0.08,1.0,0.68,0,0.05,0,0
CUST0971,40,1,4,1,2,15,12,269081,48,0.1,1109.06,33172,14903.37,6824.59,10334.98,2.51,5.0,0.03,0.09,0.93,0.04,1.0,0.62,0,0.13,1,0
CUST0972,41,1,4,1,2,19,21,264020,60,0.09,1006.98,33387,14929.01,5480.62,11970.39,3.18,5.0,0.03,0.08,0.94,0.05,0.92,0.74,0,0.06,1,0
CUST0973,49,1,4,1,2,17,14,192130,60,0.09,2129.51,94374,42103.03,3988.3,46153.16,12.57,2.04,0.02,0.06,0.96,0.07,0.95,0.61,0,0.05,1,0
CUST0974,47,1,4,1,1,35,20,146498,60,0.09,1272.36,79531,28950.29,3041.06,46267.29,16.21,1.84,0.02,0.03,0.95,0.04,0.94,0.8,0,0.1,1,0
CUST0975,51,1,4,1,1,24,15,402422,60,0.09,421.59,36422,14875.0,8353.62,12771.79,2.53,5.0,0.01,0.03,0.96,0.06,0.92,0.75,0,0.11,1,0
CUST0976,59,1,4,1,0,34,15,165937,48,0.08,3606.99,76540,34314.34,4051.01,34567.66,9.53,2.17,0.05,0.0,0.99,0.05,0.95,0.82,0,0.14,0,0
CUST0977,48,1,4,1,2,20,25,361329,48,0.09,2591.53,63903,24314.71,8991.69,28005.07,4.11,5.0,0.04,0.06,0.96,0.03,0.93,0.64,0,0.06,1,0
CUST0978,59,1,4,1,2,20,19,313721,60,0.08,1840.23,68686,24646.91,6361.13,35837.73,6.63,4.57,0.03,0.05,0.98,0.06,0.97,0.73,0,0.07,1,0
CUST0979,48,1,4,1,1,16,22,252895,84,0.09,1631.24,40769,15359.65,4068.85,19709.26,5.84,5.0,0.04,0.03,0.98,0.09,0.9,0.7,0,0.07,1,0
CUST0980,50,1,4,1,1,21,10,450572,48,0.09,2271.93,54504,20124.88,11212.5,20894.69,2.86,5.0,0.04,0.03,0.99,0.07,1.0,0.73,0,0.14,0,0
CUST0981,47,1,4,1,1,22,15,244406,60,0.09,1523.47,44282,15121.44,5073.47,22563.62,5.45,5.0,0.03,0.03,0.98,0.08,0.93,0.67,0,0.11,1,0
CUST0982,47,1,4,1,0,21,21,201884,84,0.09,2179.41,56822,21047.54,3248.13,30346.92,10.34,3.55,0.04,0.0,0.95,0.05,0.91,0.63,0,0.06,1,0
CUST0983,56,1,4,1,2,18,11,417957,48,0.08,3385.9,91138,30497.23,10203.55,47051.32,5.61,4.59,0.04,0.05,0.96,0.04,0.96,0.85,0,0.05,1,0
CUST0984,41,1,4,1,0,34,25,497619,60,0.1,1940.62,40071,13433.77,10572.93,14123.68,2.34,5.0,0.05,0.0,0.99,0.08,0.97,0.73,0,0.05,0,0
CUST0985,46,1,4,1,0,33,13,275420,60,0.08,1134.63,33482,11399.45,5584.52,15363.4,3.75,5.0,0.03,0.0,0.99,0.05,0.94,0.72,0,0.12,1,0
CUST0986,49,1,4,1,2,28,10,425613,84,0.08,1904.47,45689,17309.95,6633.7,19840.88,3.99,5.0,0.04,0.06,0.93,0.03,0.93,0.62,0,0.06,1,0
CUST0987,43,1,4,1,0,22,22,377814,60,0.09,1063.61,68304,22145.54,7842.8,37252.05,5.75,5.0,0.02,0.0,1.0,0.04,0.98,0.64,0,0.07,0,0
CUST0988,42,1,4,1,1,23,20,277049,60,0.08,704.46,61475,22181.63,5617.55,32971.36,6.87,4.51,0.01,0.04,0.98,0.08,0.91,0.73,0,0.14,0,0
CUST0989,51,1,4,1,1,22,25,307354,60,0.09,388.64,32785,14639.06,6380.16,11377.14,2.78,5.0,0.01,0.03,0.98,0.04,0.91,0.8,0,0.05,0,0
CUST0990,46,1,4,1,2,21,21,304781,60,0.1,1671.04,37259,12449.75,6475.7,16662.51,3.57,5.0,0.04,0.07,0.92,0.04,0.95,0.68,0,0.12,0,0
CUST0991,45,1,4,1,1,25,21,127290,60,0.09,1928.58,58652,20489.76,2642.33,33591.33,13.71,2.17,0.03,0.04,0.96,0.09,0.94,0.74,0,0.14,0,0
CUST0992,56,1,4,1,1,16,13,226930,60,0.1,2009.05,64574,20714.92,4821.59,37028.44,8.68,3.51,0.03,0.03,0.96,0.04,0.93,0.72,0,0.12,0,0
CUST0993,53,1,4,1,0,22,21,422179,84,0.08,894.73,36045,12125.39,6580.17,16444.71,3.5,5.0,0.02,0.0,0.98,0.03,0.98,0.73,0,0.15,0,0
CUST0994,49,1,4,1,2,20,10,474683,60,0.1,1121.37,67455,27876.71,10085.61,28371.31,3.81,5.0,0.02,0.06,0.98,0.08,0.96,0.76,0,0.13,1,0
CUST0995,49,1,4,1,0,31,19,176116,84,0.1,3185.13,89795,37057.03,2923.73,46629.11,16.95,1.96,0.04,0.0,0.97,0.04,0.96,0.67,0,0.13,1,0
CUST0996,58,1,4,1,0,21,13,196969,48,0.09,2705.79,55487,19010.22,4901.58,28869.41,6.89,3.55,0.05,0.0,0.95,0.07,0.99,0.7,0,0.12,1,0
CUST0997,44,1,4,1,2,18,24,318997,48,0.09,1531.25,82165,28579.15,7938.25,44116.35,6.56,3.88,0.02,0.07,0.96,0.1,0.92,0.75,0,0.08,1,0
CUST0998,60,1,4,1,2,19,10,249265,48,0.1,2819.37,61976,29352.04,6322.0,23482.59,4.71,4.02,0.05,0.05,0.93,0.04,0.97,0.75,0,0.08,0,0
CUST0999,52,1,4,1,2,19,23,446511,60,0.08,2535.17,77018,31430.91,9053.63,33998.29,4.76,5.0,0.03,0.06,0.95,0.07,0.99,0.65,0,0.11,1,0
CUST1000,43,1,4,1,0,31,20,399634,60,0.1,985.77,49099,21606.87,8491.04,18015.32,3.12,5.0,0.02,0.0,0.94,0.05,0.95,0.66,0,0.13,1,0
